# portID	slaveID	chipID	channelID	tacID	p0	p1	p2	p3	p4	p5	p6	p7	p8
0	0	6	0	0	1.3226395e+03	-1.4805559e+02	6.7047443e+00	-1.6343306e-01	2.4234413e-03	-2.2445649e-05	1.2705434e-07	-4.0250431e-10	5.4678153e-13	0.0000000e+00
0	0	6	0	1	1.3998086e+03	-1.5594359e+02	7.0455270e+00	-1.7160255e-01	2.5423181e-03	-2.3521690e-05	1.3297742e-07	-4.2065579e-10	5.7053006e-13	0.0000000e+00
0	0	6	0	2	1.4557631e+03	-1.6191588e+02	7.3155584e+00	-1.7837314e-01	2.6453959e-03	-2.4499399e-05	1.3863028e-07	-4.3890036e-10	5.9573565e-13	0.0000000e+00
0	0	6	0	3	1.2149757e+03	-1.3595100e+02	6.1298704e+00	-1.4848776e-01	2.1893613e-03	-2.0175730e-05	1.1370032e-07	-3.5879566e-10	4.8570176e-13	0.0000000e+00
0	0	6	1	0	1.0692172e+03	-1.5196011e+02	8.6333981e+00	-2.6230973e-01	4.8454837e-03	-5.5886270e-05	3.9384690e-07	-1.5531286e-09	2.6256551e-12	0.0000000e+00
0	0	6	1	1	1.0680848e+03	-1.5216460e+02	8.6628361e+00	-2.6375541e-01	4.8818919e-03	-5.6409222e-05	3.9818190e-07	-1.5724720e-09	2.6617014e-12	0.0000000e+00
0	0	6	1	2	9.8299591e+02	-1.4047702e+02	7.9862766e+00	-2.4220112e-01	4.4672941e-03	-5.1465493e-05	3.6240147e-07	-1.4284018e-09	2.4140371e-12	0.0000000e+00
0	0	6	1	3	1.0843964e+03	-1.5326476e+02	8.6689262e+00	-2.6252714e-01	4.8360671e-03	-5.5643217e-05	3.9128503e-07	-1.5399324e-09	2.5984729e-12	0.0000000e+00
0	0	6	2	0	1.6744655e+03	-1.6738031e+02	6.8503957e+00	-1.5189284e-01	2.0455830e-03	-1.7182156e-05	8.8096193e-08	-2.5252458e-10	3.1016896e-13	0.0000000e+00
0	0	6	2	1	1.6378054e+03	-1.6339459e+02	6.6674118e+00	-1.4726160e-01	1.9747412e-03	-1.6510432e-05	8.4234493e-08	-2.4019911e-10	2.9342151e-13	0.0000000e+00
0	0	6	2	2	1.8217975e+03	-1.8077643e+02	7.3605847e+00	-1.6255903e-01	2.1794599e-03	-1.8215203e-05	9.2878267e-08	-2.6464245e-10	3.2299104e-13	0.0000000e+00
0	0	6	2	3	1.6544027e+03	-1.6394421e+02	6.6483102e+00	-1.4601141e-01	1.9476399e-03	-1.6203334e-05	8.2283464e-08	-2.3360364e-10	2.8417015e-13	0.0000000e+00
0	0	6	3	0	2.4117390e+03	-2.8534528e+02	1.3911325e+01	-3.6916742e-01	5.9484267e-03	-5.9764145e-05	3.6643786e-07	-1.2559236e-09	1.8445692e-12	0.0000000e+00
0	0	6	3	1	2.3726875e+03	-2.8081290e+02	1.3689437e+01	-3.6314157e-01	5.8488939e-03	-5.8739228e-05	3.6000642e-07	-1.2334153e-09	1.8108989e-12	0.0000000e+00
0	0	6	3	2	2.6908923e+03	-3.1723508e+02	1.5449779e+01	-4.1024286e-01	6.6136387e-03	-6.6470180e-05	4.0761716e-07	-1.3970161e-09	2.0514621e-12	0.0000000e+00
0	0	6	3	3	2.2698306e+03	-2.6614664e+02	1.2837183e+01	-3.3662584e-01	5.3595765e-03	-5.3210715e-05	3.2243247e-07	-1.0923052e-09	1.5858830e-12	0.0000000e+00
0	0	6	4	0	1.8294166e+03	-2.0843132e+02	9.7208872e+00	-2.4581635e-01	3.7770674e-03	-3.6217865e-05	2.1212054e-07	-6.9501588e-10	9.7642348e-13	0.0000000e+00
0	0	6	4	1	1.8612916e+03	-2.1191267e+02	9.8812551e+00	-2.4990755e-01	3.8402963e-03	-3.6824946e-05	2.1566150e-07	-7.0650341e-10	9.9232319e-13	0.0000000e+00
0	0	6	4	2	2.0388439e+03	-2.3127647e+02	1.0771398e+01	-2.7253899e-01	4.1891662e-03	-4.0171741e-05	2.3521581e-07	-7.7024731e-10	1.0812498e-12	0.0000000e+00
0	0	6	4	3	1.8420927e+03	-2.0891968e+02	9.7037239e+00	-2.4452579e-01	3.7454213e-03	-3.5811019e-05	2.0917288e-07	-6.8359113e-10	9.5797307e-13	0.0000000e+00
0	0	6	5	0	1.2317314e+03	-1.2967834e+02	5.5049267e+00	-1.2529390e-01	1.7323185e-03	-1.4951906e-05	7.8878024e-08	-2.3299407e-10	2.9529016e-13	0.0000000e+00
0	0	6	5	1	1.2189380e+03	-1.2826059e+02	5.4391074e+00	-1.2363266e-01	1.7071764e-03	-1.4717172e-05	7.7552528e-08	-2.2884143e-10	2.8975013e-13	0.0000000e+00
0	0	6	5	2	1.2555319e+03	-1.3175932e+02	5.5785956e+00	-1.2668645e-01	1.7473402e-03	-1.5042198e-05	7.9132590e-08	-2.3305555e-10	2.9446083e-13	0.0000000e+00
0	0	6	5	3	1.2785282e+03	-1.3339008e+02	5.6180687e+00	-1.2695117e-01	1.7418162e-03	-1.4911097e-05	7.7977504e-08	-2.2820468e-10	2.8640713e-13	0.0000000e+00
0	0	6	6	0	1.6096831e+03	-1.7943419e+02	8.1630297e+00	-2.0118478e-01	3.0166910e-03	-2.8253897e-05	1.6171067e-07	-5.1789589e-10	7.1115309e-13	0.0000000e+00
0	0	6	6	1	1.4952705e+03	-1.6634622e+02	7.5289555e+00	-1.8420044e-01	2.7411527e-03	-2.5477062e-05	1.4470412e-07	-4.5992096e-10	6.2678248e-13	0.0000000e+00
0	0	6	6	2	1.5365535e+03	-1.7064499e+02	7.7194824e+00	-1.8891701e-01	2.8124459e-03	-2.6151240e-05	1.4860285e-07	-4.7254306e-10	6.4432406e-13	0.0000000e+00
0	0	6	6	3	1.7901705e+03	-1.9640125e+02	8.8294878e+00	-2.1555819e-01	3.2020893e-03	-2.9711333e-05	1.6846796e-07	-5.3449645e-10	7.2709845e-13	0.0000000e+00
0	0	6	7	0	7.8134973e+02	-8.0084702e+01	3.2368040e+00	-6.9329590e-02	9.0309716e-04	-7.3522306e-06	3.6622552e-08	-1.0223590e-10	1.2251668e-13	0.0000000e+00
0	0	6	7	1	8.3083514e+02	-8.4748383e+01	3.4226851e+00	-7.3440738e-02	9.5825054e-04	-7.8122257e-06	3.8954720e-08	-1.0881844e-10	1.3045158e-13	0.0000000e+00
0	0	6	7	2	8.8218744e+02	-8.9252312e+01	3.5882239e+00	-7.6797448e-02	9.9941262e-04	-8.1254266e-06	4.0401126e-08	-1.1252919e-10	1.3450349e-13	0.0000000e+00
0	0	6	7	3	9.3455176e+02	-9.4048271e+01	3.7728140e+00	-8.0753863e-02	1.0509354e-03	-8.5433594e-06	4.2465143e-08	-1.1820711e-10	1.4117401e-13	0.0000000e+00
0	0	6	8	0	3.2005442e+03	-3.4435571e+02	1.5351452e+01	-3.7404183e-01	5.5358689e-03	-5.1105631e-05	2.8802373e-07	-9.0772645e-10	1.2264534e-12	0.0000000e+00
0	0	6	8	1	3.3189695e+03	-3.5663965e+02	1.5890493e+01	-3.8717151e-01	5.7303226e-03	-5.2901731e-05	2.9814382e-07	-9.3957930e-10	1.2694020e-12	0.0000000e+00
0	0	6	8	2	3.4459377e+03	-3.6998947e+02	1.6482388e+01	-4.0167850e-01	5.9457431e-03	-5.4890905e-05	3.0932162e-07	-9.7459463e-10	1.3163049e-12	0.0000000e+00
0	0	6	8	3	3.5805349e+03	-3.8167593e+02	1.6897047e+01	-4.0948647e-01	6.0284338e-03	-5.5357028e-05	3.1029310e-07	-9.7246833e-10	1.3064426e-12	0.0000000e+00
0	0	6	9	0	1.2045770e+03	-1.2914697e+02	5.6098843e+00	-1.3122702e-01	1.8667182e-03	-1.6581804e-05	9.0001393e-08	-2.7333524e-10	3.5587874e-13	0.0000000e+00
0	0	6	9	1	1.1835673e+03	-1.2682735e+02	5.5020394e+00	-1.2847316e-01	1.8243880e-03	-1.6180082e-05	8.7698261e-08	-2.6602617e-10	3.4602700e-13	0.0000000e+00
0	0	6	9	2	1.2321305e+03	-1.3191283e+02	5.7279181e+00	-1.3404906e-01	1.9079732e-03	-1.6959650e-05	9.2120438e-08	-2.7999469e-10	3.6486951e-13	0.0000000e+00
0	0	6	9	3	1.3986620e+03	-1.4765605e+02	6.3550186e+00	-1.4788716e-01	2.0929594e-03	-1.8494611e-05	9.9843760e-08	-3.0154157e-10	3.9039139e-13	0.0000000e+00
0	0	6	10	0	2.9699575e+03	-2.8349130e+02	1.1206792e+01	-2.4190266e-01	3.1723208e-03	-2.5962592e-05	1.2980750e-07	-3.6321940e-10	4.3607530e-13	0.0000000e+00
0	0	6	10	1	2.9142290e+03	-2.7759561e+02	1.0945382e+01	-2.3553954e-01	3.0789245e-03	-2.5113510e-05	1.2512581e-07	-3.4887077e-10	4.1732012e-13	0.0000000e+00
0	0	6	10	2	2.9331479e+03	-2.7878214e+02	1.0969979e+01	-2.3564059e-01	3.0751096e-03	-2.5044366e-05	1.2461049e-07	-3.4700579e-10	4.1462913e-13	0.0000000e+00
0	0	6	10	3	2.7770505e+03	-2.6249094e+02	1.0256996e+01	-2.1855842e-01	2.8287731e-03	-2.2846707e-05	1.1272608e-07	-3.1128591e-10	3.6883699e-13	0.0000000e+00
0	0	6	11	0	1.1813256e+03	-1.5012752e+02	7.6961479e+00	-2.1157707e-01	3.5353471e-03	-3.6884627e-05	2.3520033e-07	-8.3970225e-10	1.2862274e-12	0.0000000e+00
0	0	6	11	1	1.1751853e+03	-1.4928488e+02	7.6467223e+00	-2.1002844e-01	3.5064612e-03	-3.6552887e-05	2.3289149e-07	-8.3075125e-10	1.2713888e-12	0.0000000e+00
0	0	6	11	2	1.1704845e+03	-1.4836726e+02	7.5795412e+00	-2.0749938e-01	3.4512982e-03	-3.5828551e-05	2.2724815e-07	-8.0673512e-10	1.2284160e-12	0.0000000e+00
0	0	6	11	3	1.1154042e+03	-1.4057112e+02	7.1275601e+00	-1.9345085e-01	3.1919666e-03	-3.2894939e-05	2.0726715e-07	-7.3144807e-10	1.1078167e-12	0.0000000e+00
0	0	6	12	0	1.9607686e+03	-2.0253293e+02	8.5905752e+00	-1.9799024e-01	2.7733452e-03	-2.4251400e-05	1.2958525e-07	-3.8758613e-10	4.9739965e-13	0.0000000e+00
0	0	6	12	1	1.9584426e+03	-2.0208864e+02	8.5636644e+00	-1.9720131e-01	2.7601568e-03	-2.4118624e-05	1.2878559e-07	-3.8492562e-10	4.9363568e-13	0.0000000e+00
0	0	6	12	2	1.9861361e+03	-2.0394231e+02	8.6006031e+00	-1.9705583e-01	2.7432116e-03	-2.3833225e-05	1.2649929e-07	-3.7575196e-10	4.7881588e-13	0.0000000e+00
0	0	6	12	3	2.2334563e+03	-2.2779018e+02	9.5786238e+00	-2.1942818e-01	3.0555020e-03	-2.6559430e-05	1.4104670e-07	-4.1917461e-10	5.3438731e-13	0.0000000e+00
0	0	6	13	0	3.3546372e+03	-3.5149170e+02	1.5258455e+01	-3.6195767e-01	5.2156416e-03	-4.6893074e-05	2.5752320e-07	-7.9137391e-10	1.0433479e-12	0.0000000e+00
0	0	6	13	1	3.3345479e+03	-3.4936859e+02	1.5162406e+01	-3.5953718e-01	5.1784501e-03	-4.6536079e-05	2.5543017e-07	-7.8451329e-10	1.0337126e-12	0.0000000e+00
0	0	6	13	2	3.2752266e+03	-3.4290872e+02	1.4866562e+01	-3.5210180e-01	5.0656651e-03	-4.5474375e-05	2.4935159e-07	-7.6510193e-10	1.0071767e-12	0.0000000e+00
0	0	6	13	3	3.2636304e+03	-3.3933109e+02	1.4607029e+01	-3.4343466e-01	4.9045687e-03	-4.3701602e-05	2.3784696e-07	-7.2436201e-10	9.4643575e-13	0.0000000e+00
0	0	6	14	0	2.6529409e+03	-3.2831311e+02	1.6791664e+01	-4.6859935e-01	7.9431683e-03	-8.3955572e-05	5.4143459e-07	-1.9512962e-09	3.0126188e-12	0.0000000e+00
0	0	6	14	1	1.9652035e+03	-2.4518227e+02	1.2537892e+01	-3.4808502e-01	5.8722221e-03	-6.1812658e-05	3.9730901e-07	-1.4282132e-09	2.2006960e-12	0.0000000e+00
0	0	6	14	2	1.8887120e+03	-2.3559050e+02	1.2030987e+01	-3.3337542e-01	5.6148097e-03	-5.9021171e-05	3.7893045e-07	-1.3608565e-09	2.0952328e-12	0.0000000e+00
0	0	6	14	3	1.8348885e+03	-2.2728914e+02	1.1513388e+01	-3.1615791e-01	5.2756872e-03	-5.4937344e-05	3.4938458e-07	-1.2428751e-09	1.8954200e-12	0.0000000e+00
0	0	6	15	0	2.5449812e+03	-2.4965730e+02	1.0108809e+01	-2.2293104e-01	2.9887483e-03	-2.5035724e-05	1.2831336e-07	-3.6866063e-10	4.5518878e-13	0.0000000e+00
0	0	6	15	1	2.4856682e+03	-2.4392903e+02	9.8743305e+00	-2.1761933e-01	2.9156718e-03	-2.4409079e-05	1.2503494e-07	-3.5907291e-10	4.4316794e-13	0.0000000e+00
0	0	6	15	2	2.4816865e+03	-2.4368051e+02	9.8673401e+00	-2.1751012e-01	2.9145412e-03	-2.4399944e-05	1.2497709e-07	-3.5884049e-10	4.4276098e-13	0.0000000e+00
0	0	6	15	3	1.8324562e+03	-1.7534511e+02	6.8442755e+00	-1.4400478e-01	1.8367484e-03	-1.4612911e-05	7.1077736e-08	-1.9381288e-10	2.2717776e-13	0.0000000e+00
0	0	6	16	0	1.7953760e+03	-1.8680536e+02	7.9613848e+00	-1.8402268e-01	2.5855326e-03	-2.2675458e-05	1.2148914e-07	-3.6420841e-10	4.6824204e-13	0.0000000e+00
0	0	6	16	1	1.7888647e+03	-1.8612270e+02	7.9314938e+00	-1.8330553e-01	2.5751607e-03	-2.2582852e-05	1.2099007e-07	-3.6272269e-10	4.6637190e-13	0.0000000e+00
0	0	6	16	2	1.5173901e+03	-1.5827287e+02	6.7214236e+00	-1.5422106e-01	2.1515242e-03	-1.8746654e-05	9.9858795e-08	-2.9786035e-10	3.8127232e-13	0.0000000e+00
0	0	6	16	3	1.3698138e+03	-1.4266574e+02	6.0225167e+00	-1.3695343e-01	1.8931571e-03	-1.6343374e-05	8.6254090e-08	-2.5491251e-10	3.2328125e-13	0.0000000e+00
0	0	6	17	0	2.8498398e+03	-2.6576697e+02	1.0258889e+01	-2.1629937e-01	2.7705107e-03	-2.2138285e-05	1.0801277e-07	-2.9474465e-10	3.4486552e-13	0.0000000e+00
0	0	6	17	1	2.8399558e+03	-2.6482098e+02	1.0220215e+01	-2.1540508e-01	2.7577775e-03	-2.2024651e-05	1.0739450e-07	-2.9287342e-10	3.4245496e-13	0.0000000e+00
0	0	6	17	2	3.0066592e+03	-2.7980518e+02	1.0790272e+01	-2.2744171e-01	2.9122978e-03	-2.3261719e-05	1.1343589e-07	-3.0935401e-10	3.6171202e-13	0.0000000e+00
0	0	6	17	3	2.5914124e+03	-2.3965805e+02	9.1500864e+00	-1.9047113e-01	2.4081601e-03	-1.8993382e-05	9.1473176e-08	-2.4642141e-10	2.8467175e-13	0.0000000e+00
0	0	6	18	0	1.4607333e+03	-1.6117354e+02	7.2061410e+00	-1.7362477e-01	2.5398757e-03	-2.3166293e-05	1.2894733e-07	-4.0121650e-10	5.3487450e-13	0.0000000e+00
0	0	6	18	1	1.4102108e+03	-1.5599875e+02	6.9833841e+00	-1.6833255e-01	2.4637401e-03	-2.2485432e-05	1.2524123e-07	-3.8996051e-10	5.2023598e-13	0.0000000e+00
0	0	6	18	2	1.4959867e+03	-1.6466299e+02	7.3515549e+00	-1.7700294e-01	2.5877226e-03	-2.3589804e-05	1.3123652e-07	-4.0812834e-10	5.4380789e-13	0.0000000e+00
0	0	6	18	3	1.7527880e+03	-1.9110532e+02	8.5038319e+00	-2.0488098e-01	2.9976440e-03	-2.7346732e-05	1.5222548e-07	-4.7357368e-10	6.3114227e-13	0.0000000e+00
0	0	6	19	0	1.7007198e+03	-2.0002786e+02	9.6169891e+00	-2.5038511e-01	3.9606476e-03	-3.9080704e-05	2.3538591e-07	-7.9257945e-10	1.1434586e-12	0.0000000e+00
0	0	6	19	1	1.6319338e+03	-1.9154802e+02	9.1753740e+00	-2.3770963e-01	3.7408844e-03	-3.6719346e-05	2.1999703e-07	-7.3684719e-10	1.0574058e-12	0.0000000e+00
0	0	6	19	2	1.6253359e+03	-1.9046544e+02	9.1073275e+00	-2.3550063e-01	3.6990712e-03	-3.6239442e-05	2.1670508e-07	-7.2443113e-10	1.0376054e-12	0.0000000e+00
0	0	6	19	3	1.7576025e+03	-2.0433212e+02	9.7202835e+00	-2.5052729e-01	3.9224783e-03	-3.8304217e-05	2.2829900e-07	-7.6061402e-10	1.0856963e-12	0.0000000e+00
0	0	6	20	0	2.3734558e+03	-2.6975711e+02	1.2643517e+01	-3.2295552e-01	5.0160484e-03	-4.8639184e-05	2.8814506e-07	-9.5511754e-10	1.3577372e-12	0.0000000e+00
0	0	6	20	1	2.4032148e+03	-2.7296954e+02	1.2789749e+01	-3.2664067e-01	5.0723399e-03	-4.9173967e-05	2.9123308e-07	-9.6502528e-10	1.3712577e-12	0.0000000e+00
0	0	6	20	2	2.3276812e+03	-2.6421436e+02	1.2363223e+01	-3.1524912e-01	4.8892284e-03	-4.7354188e-05	2.8028168e-07	-9.2843933e-10	1.3191884e-12	0.0000000e+00
0	0	6	20	3	2.4533306e+03	-2.7720599e+02	1.2932748e+01	-3.2918954e-01	5.0974535e-03	-4.9298618e-05	2.9137237e-07	-9.6378738e-10	1.3674396e-12	0.0000000e+00
0	0	6	21	0	2.4454797e+03	-2.2489661e+02	8.5234966e+00	-1.7605714e-01	2.2103372e-03	-1.7321696e-05	8.2932139e-08	-2.2219983e-10	2.5539027e-13	0.0000000e+00
0	0	6	21	1	2.4127791e+03	-2.2175552e+02	8.3962135e+00	-1.7321314e-01	2.1718966e-03	-1.6999164e-05	8.1287617e-08	-2.1753022e-10	2.4972583e-13	0.0000000e+00
0	0	6	21	2	2.4172161e+03	-2.2195670e+02	8.3966265e+00	-1.7308682e-01	2.1687327e-03	-1.6962884e-05	8.1063035e-08	-2.1680270e-10	2.4875710e-13	0.0000000e+00
0	0	6	21	3	2.5401252e+03	-2.3170508e+02	8.7200050e+00	-1.7899308e-01	2.2334997e-03	-1.7398110e-05	8.2802387e-08	-2.2053857e-10	2.5198688e-13	0.0000000e+00
0	0	6	22	0	1.5097184e+03	-1.8673474e+02	9.4008446e+00	-2.5536826e-01	4.2133471e-03	-4.3372715e-05	2.7269371e-07	-9.5922548e-10	1.4468872e-12	0.0000000e+00
0	0	6	22	1	1.5169288e+03	-1.8759692e+02	9.4444332e+00	-2.5657985e-01	4.2335712e-03	-4.3581153e-05	2.7399312e-07	-9.6371966e-10	1.4535167e-12	0.0000000e+00
0	0	6	22	2	1.6046820e+03	-1.9809006e+02	9.9729958e+00	-2.7131608e-01	4.4826507e-03	-4.6199028e-05	2.9072987e-07	-1.0233313e-09	1.5442340e-12	0.0000000e+00
0	0	6	22	3	1.7071934e+03	-2.0801247e+02	1.0356240e+01	-2.7882805e-01	4.5566312e-03	-4.6424586e-05	2.8865867e-07	-1.0034380e-09	1.4948588e-12	0.0000000e+00
0	0	6	23	0	3.0342310e+03	-3.4567950e+02	1.6295198e+01	-4.1950259e-01	6.5600770e-03	-6.4004496e-05	3.8138390e-07	-1.2714029e-09	1.8179137e-12	0.0000000e+00
0	0	6	23	1	3.0721462e+03	-3.4955325e+02	1.6462635e+01	-4.2354205e-01	6.6196956e-03	-6.4557193e-05	3.8453399e-07	-1.2815156e-09	1.8319450e-12	0.0000000e+00
0	0	6	23	2	3.0974512e+03	-3.5214966e+02	1.6573664e+01	-4.2614579e-01	6.6562975e-03	-6.4872977e-05	3.8616514e-07	-1.2861155e-09	1.8373393e-12	0.0000000e+00
0	0	6	23	3	3.1468813e+03	-3.5485309e+02	1.6566608e+01	-4.2254874e-01	6.5463674e-03	-6.3275264e-05	3.7351512e-07	-1.2335347e-09	1.7473361e-12	0.0000000e+00
0	0	6	24	0	1.9043812e+03	-2.0914580e+02	9.4499445e+00	-2.3223218e-01	3.4691347e-03	-3.2339762e-05	1.8408963e-07	-5.8600885e-10	7.9956679e-13	0.0000000e+00
0	0	6	24	1	1.9145695e+03	-2.0929575e+02	9.4096508e+00	-2.2994100e-01	3.4133811e-03	-3.1602263e-05	1.7857137e-07	-5.6403715e-10	7.6335471e-13	0.0000000e+00
0	0	6	24	2	1.9199180e+03	-2.0919861e+02	9.3797340e+00	-2.2868778e-01	3.3884523e-03	-3.1325784e-05	1.7682011e-07	-5.5810995e-10	7.5504192e-13	0.0000000e+00
0	0	6	24	3	1.4491914e+03	-1.5819980e+02	7.0425439e+00	-1.6952227e-01	2.4815451e-03	-2.2688057e-05	1.2678993e-07	-3.9664710e-10	5.3230613e-13	0.0000000e+00
0	0	6	25	0	1.8902474e+03	-1.8193867e+02	7.1814771e+00	-1.5378441e-01	1.9992641e-03	-1.6197797e-05	8.0030873e-08	-2.2087387e-10	2.6101327e-13	0.0000000e+00
0	0	6	25	1	1.8746495e+03	-1.8044879e+02	7.1212697e+00	-1.5243632e-01	1.9809324e-03	-1.6042635e-05	7.9231448e-08	-2.1857756e-10	2.5819299e-13	0.0000000e+00
0	0	6	25	2	1.8481396e+03	-1.7762323e+02	6.9946175e+00	-1.4933532e-01	1.9353242e-03	-1.5628542e-05	7.6958045e-08	-2.1165940e-10	2.4923900e-13	0.0000000e+00
0	0	6	25	3	1.8371566e+03	-1.7609100e+02	6.9157271e+00	-1.4729267e-01	1.9047853e-03	-1.5353027e-05	7.5474070e-08	-2.0725714e-10	2.4370111e-13	0.0000000e+00
0	0	6	26	0	1.9251438e+03	-2.1213356e+02	9.5726213e+00	-2.3449628e-01	3.4918224e-03	-3.2456806e-05	1.8430676e-07	-5.8561467e-10	7.9799215e-13	0.0000000e+00
0	0	6	26	1	1.7704645e+03	-1.9474644e+02	8.7455168e+00	-2.1273336e-01	3.1446444e-03	-2.9011921e-05	1.6350516e-07	-5.1560095e-10	6.9725779e-13	0.0000000e+00
0	0	6	26	2	1.7615901e+03	-1.9380138e+02	8.7025061e+00	-2.1165161e-01	3.1281624e-03	-2.8856097e-05	1.6261221e-07	-5.1276355e-10	6.9342947e-13	0.0000000e+00
0	0	6	26	3	2.1470398e+03	-2.3374168e+02	1.0452235e+01	-2.5417495e-01	3.7560374e-03	-3.4633886e-05	1.9502458e-07	-6.1427036e-10	8.2952639e-13	0.0000000e+00
0	0	6	27	0	6.3548608e+02	-6.9941193e+01	2.9797924e+00	-6.6597670e-02	9.0696028e-04	-7.7283348e-06	4.0308819e-08	-1.1780103e-10	1.4767019e-13	0.0000000e+00
0	0	6	27	1	6.2685645e+02	-6.8926079e+01	2.9298732e+00	-6.5273881e-02	8.8604703e-04	-7.5256439e-06	3.9126668e-08	-1.1399462e-10	1.4247569e-13	0.0000000e+00
0	0	6	27	2	6.6632220e+02	-7.3000641e+01	3.1059513e+00	-6.9466129e-02	9.4627618e-04	-8.0615482e-06	4.2017074e-08	-1.2265292e-10	1.5352853e-13	0.0000000e+00
0	0	6	27	3	8.4682629e+02	-9.0323784e+01	3.8063889e+00	-8.5141018e-02	1.1588072e-03	-9.8527962e-06	5.1198068e-08	-1.4886245e-10	1.8549559e-13	0.0000000e+00
0	0	6	28	0	1.1888392e+03	-1.2803479e+02	5.5429802e+00	-1.2886943e-01	1.8237249e-03	-1.6140169e-05	8.7444576e-08	-2.6564628e-10	3.4669050e-13	0.0000000e+00
0	0	6	28	1	1.1146785e+03	-1.2037469e+02	5.2072768e+00	-1.2071127e-01	1.7032442e-03	-1.5031211e-05	8.1221941e-08	-2.4615532e-10	3.2056267e-13	0.0000000e+00
0	0	6	28	2	1.0315840e+03	-1.1206672e+02	4.8567648e+00	-1.1256275e-01	1.5887237e-03	-1.4032034e-05	7.5922557e-08	-2.3049421e-10	3.0077224e-13	0.0000000e+00
0	0	6	28	3	1.0885173e+03	-1.1676414e+02	5.0107102e+00	-1.1512112e-01	1.6097705e-03	-1.4077693e-05	7.5377635e-08	-2.2636129e-10	2.9208957e-13	0.0000000e+00
0	0	6	29	0	1.5627874e+03	-1.5401103e+02	6.1657033e+00	-1.3333410e-01	1.7529750e-03	-1.4386677e-05	7.2128302e-08	-2.0232958e-10	2.4337121e-13	0.0000000e+00
0	0	6	29	1	1.5501880e+03	-1.5293576e+02	6.1277061e+00	-1.3260056e-01	1.7445231e-03	-1.4327426e-05	7.1883434e-08	-2.0179233e-10	2.4290745e-13	0.0000000e+00
0	0	6	29	2	1.5501075e+03	-1.5283945e+02	6.1191096e+00	-1.3232124e-01	1.7397600e-03	-1.4280416e-05	7.1612590e-08	-2.0094459e-10	2.4179224e-13	0.0000000e+00
0	0	6	29	3	1.5931062e+03	-1.5594475e+02	6.2033525e+00	-1.3332254e-01	1.7416637e-03	-1.4200235e-05	7.0716652e-08	-1.9701792e-10	2.3534985e-13	0.0000000e+00
0	0	6	30	0	2.4254375e+03	-2.6274551e+02	1.1756032e+01	-2.8674918e-01	4.2481543e-03	-3.9255221e-05	2.2144623e-07	-6.9857187e-10	9.4471989e-13	0.0000000e+00
0	0	6	30	1	2.2466194e+03	-2.4347330e+02	1.0876741e+01	-2.6457039e-01	3.9092223e-03	-3.6035028e-05	2.0283068e-07	-6.3858424e-10	8.6206498e-13	0.0000000e+00
0	0	6	30	2	2.2461157e+03	-2.4305794e+02	1.0843843e+01	-2.6346850e-01	3.8891723e-03	-3.5821256e-05	2.0149209e-07	-6.3401245e-10	8.5547948e-13	0.0000000e+00
0	0	6	30	3	2.2198154e+03	-2.3963477e+02	1.0661196e+01	-2.5828397e-01	3.8020592e-03	-3.4926205e-05	1.9596419e-07	-6.1515287e-10	8.2816740e-13	0.0000000e+00
0	0	6	31	0	2.0663223e+03	-2.0461829e+02	8.3159819e+00	-1.8372865e-01	2.4684076e-03	-2.0708889e-05	1.0617494e-07	-3.0468347e-10	3.7506584e-13	0.0000000e+00
0	0	6	31	1	2.1747964e+03	-2.1501151e+02	8.7368479e+00	-1.9316871e-01	2.5968787e-03	-2.1797052e-05	1.1178690e-07	-3.2082428e-10	3.9492354e-13	0.0000000e+00
0	0	6	31	2	2.1659390e+03	-2.1407835e+02	8.6980448e+00	-1.9233054e-01	2.5863908e-03	-2.1718621e-05	1.1144360e-07	-3.2002107e-10	3.9416056e-13	0.0000000e+00
0	0	6	31	3	2.0782556e+03	-2.0461423e+02	8.2739620e+00	-1.8202978e-01	2.4367229e-03	-2.0378784e-05	1.0419234e-07	-2.9824426e-10	3.6629242e-13	0.0000000e+00
0	0	6	32	0	1.8444271e+03	-1.9426074e+02	8.3744936e+00	-1.9572544e-01	2.7792112e-03	-2.4615678e-05	1.3307762e-07	-4.0219300e-10	5.2081798e-13	0.0000000e+00
0	0	6	32	1	1.8578464e+03	-1.9560825e+02	8.4312162e+00	-1.9703916e-01	2.7975198e-03	-2.4773235e-05	1.3389807e-07	-4.0456719e-10	5.2375519e-13	0.0000000e+00
0	0	6	32	2	1.8818511e+03	-1.9797534e+02	8.5296173e+00	-1.9931760e-01	2.8297198e-03	-2.5058540e-05	1.3544819e-07	-4.0929071e-10	5.2993786e-13	0.0000000e+00
0	0	6	32	3	1.9740448e+03	-2.0641052e+02	8.8555956e+00	-2.0636490e-01	2.9229168e-03	-2.5831299e-05	1.3937314e-07	-4.2045742e-10	5.4357332e-13	0.0000000e+00
0	0	6	33	0	2.3500627e+03	-2.5745819e+02	1.1621562e+01	-2.8527617e-01	4.2505385e-03	-3.9486848e-05	2.2389898e-07	-7.0990491e-10	9.6493007e-13	0.0000000e+00
0	0	6	33	1	2.4153496e+03	-2.6540543e+02	1.2029209e+01	-2.9678425e-01	4.4464450e-03	-4.1550189e-05	2.3705672e-07	-7.5645273e-10	1.0350202e-12	0.0000000e+00
0	0	6	33	2	2.3516270e+03	-2.5733853e+02	1.1604538e+01	-2.8461415e-01	4.2375466e-03	-3.9340910e-05	2.2294519e-07	-7.0652167e-10	9.5988679e-13	0.0000000e+00
0	0	6	33	3	2.2534302e+03	-2.4564430e+02	1.1020576e+01	-2.6868770e-01	3.9766734e-03	-3.6703139e-05	2.0681037e-07	-6.5176103e-10	8.8072708e-13	0.0000000e+00
0	0	6	34	0	1.2000161e+03	-1.4611073e+02	7.1818352e+00	-1.8958330e-01	3.0393268e-03	-3.0373916e-05	1.8513668e-07	-6.3031169e-10	9.1852632e-13	0.0000000e+00
0	0	6	34	1	1.2963392e+03	-1.5885115e+02	7.8928757e+00	-2.1134488e-01	3.4403475e-03	-3.4947447e-05	2.1674350e-07	-7.5154905e-10	1.1164376e-12	0.0000000e+00
0	0	6	34	2	1.1605626e+03	-1.4012244e+02	6.8221369e+00	-1.7830755e-01	2.8342130e-03	-2.8130429e-05	1.7058636e-07	-5.7874550e-10	8.4159578e-13	0.0000000e+00
0	0	6	34	3	1.1712941e+03	-1.4173225e+02	6.9204397e+00	-1.8156953e-01	2.8974323e-03	-2.8864924e-05	1.7560326e-07	-5.9724575e-10	8.6992734e-13	0.0000000e+00
0	0	6	35	0	1.8650441e+03	-1.9267751e+02	8.1677017e+00	-1.8775320e-01	2.6211839e-03	-2.2822152e-05	1.2128383e-07	-3.6032291e-10	4.5869488e-13	0.0000000e+00
0	0	6	35	1	1.8749763e+03	-1.9356076e+02	8.1999321e+00	-1.8837893e-01	2.6281299e-03	-2.2866048e-05	1.2142664e-07	-3.6047931e-10	4.5856391e-13	0.0000000e+00
0	0	6	35	2	1.8114932e+03	-1.8615793e+02	7.8359580e+00	-1.7855352e-01	2.4684288e-03	-2.1262511e-05	1.1169796e-07	-3.2782022e-10	4.1203784e-13	0.0000000e+00
0	0	6	35	3	1.7912838e+03	-1.8368225e+02	7.7159510e+00	-1.7556380e-01	2.4256236e-03	-2.0898846e-05	1.0989898e-07	-3.2307690e-10	4.0696250e-13	0.0000000e+00
0	0	6	36	0	3.3634893e+03	-3.2552597e+02	1.3067233e+01	-2.8676027e-01	3.8246545e-03	-3.1848489e-05	1.6210114e-07	-4.6200474e-10	5.6531846e-13	0.0000000e+00
0	0	6	36	1	4.1806299e+03	-4.0885593e+02	1.6637161e+01	-3.7084776e-01	5.0193006e-03	-4.2362812e-05	2.1824557e-07	-6.2875666e-10	7.7674781e-13	0.0000000e+00
0	0	6	36	2	3.5050435e+03	-3.3837848e+02	1.3557605e+01	-2.9706582e-01	3.9551314e-03	-3.2867527e-05	1.6689276e-07	-4.7438864e-10	5.7875037e-13	0.0000000e+00
0	0	6	36	3	3.2920718e+03	-3.1578320e+02	1.2559035e+01	-2.7300751e-01	3.6073958e-03	-2.9765668e-05	1.5015034e-07	-4.2422107e-10	5.1467381e-13	0.0000000e+00
0	0	6	37	0	1.5944774e+03	-1.5114259e+02	5.8478284e+00	-1.2237942e-01	1.5586892e-03	-1.2408766e-05	6.0431212e-08	-1.6488644e-10	1.9314784e-13	0.0000000e+00
0	0	6	37	1	1.4918352e+03	-1.4020027e+02	5.3555865e+00	-1.1018427e-01	1.3768210e-03	-1.0736714e-05	5.1168016e-08	-1.3656830e-10	1.5649667e-13	0.0000000e+00
0	0	6	37	2	1.5720510e+03	-1.4903775e+02	5.7649975e+00	-1.2062169e-01	1.5365953e-03	-1.2239830e-05	5.9661765e-08	-1.6297448e-10	1.9116416e-13	0.0000000e+00
0	0	6	37	3	1.4946392e+03	-1.4062813e+02	5.3856525e+00	-1.1132914e-01	1.4002931e-03	-1.1008215e-05	5.2941399e-08	-1.4266478e-10	1.6507097e-13	0.0000000e+00
0	0	6	38	0	1.0613864e+03	-1.2649086e+02	6.0233555e+00	-1.5331808e-01	2.3700306e-03	-2.2853217e-05	1.3452708e-07	-4.4275703e-10	6.2427223e-13	0.0000000e+00
0	0	6	38	1	9.3973914e+02	-1.1083179e+02	5.2002935e+00	-1.3010110e-01	1.9823795e-03	-1.8901981e-05	1.1037167e-07	-3.6136411e-10	5.0804050e-13	0.0000000e+00
0	0	6	38	2	9.2883569e+02	-1.0908822e+02	5.0903645e+00	-1.2648839e-01	1.9132270e-03	-1.8102082e-05	1.0486374e-07	-3.4059380e-10	4.7504535e-13	0.0000000e+00
0	0	6	38	3	6.6006122e+02	-8.0039589e+01	3.7570708e+00	-9.2590876e-02	1.3898473e-03	-1.3067212e-05	7.5335706e-08	-2.4388391e-10	3.3938854e-13	0.0000000e+00
0	0	6	39	0	1.4470376e+03	-1.5054677e+02	6.3087435e+00	-1.4185628e-01	1.9356208e-03	-1.6476850e-05	8.5711662e-08	-2.4971694e-10	3.1232365e-13	0.0000000e+00
0	0	6	39	1	1.8321783e+03	-1.9385918e+02	8.3644123e+00	-1.9558358e-01	2.7807218e-03	-2.4675452e-05	1.3370038e-07	-4.0501777e-10	5.2560668e-13	0.0000000e+00
0	0	6	39	2	1.8637676e+03	-1.9736346e+02	8.5289583e+00	-1.9987500e-01	2.8485749e-03	-2.5341464e-05	1.3766700e-07	-4.1814105e-10	5.4410193e-13	0.0000000e+00
0	0	6	39	3	2.2331311e+03	-2.3179982e+02	9.8578510e+00	-2.2754104e-01	3.1862643e-03	-2.7792106e-05	1.4780193e-07	-4.3906426e-10	5.5859527e-13	0.0000000e+00
0	0	6	40	0	9.0759180e+02	-1.0406197e+02	4.7515464e+00	-1.1551642e-01	1.7076710e-03	-1.5762995e-05	8.8900066e-08	-2.8050454e-10	3.7928065e-13	0.0000000e+00
0	0	6	40	1	9.0790509e+02	-1.0408370e+02	4.7523551e+00	-1.1554503e-01	1.7084499e-03	-1.5775760e-05	8.9016844e-08	-2.8105554e-10	3.8032446e-13	0.0000000e+00
0	0	6	40	2	9.0592480e+02	-1.0373121e+02	4.7301583e+00	-1.1485794e-01	1.6962851e-03	-1.5646172e-05	8.8193957e-08	-2.7818292e-10	3.7608111e-13	0.0000000e+00
0	0	6	40	3	9.8307385e+02	-1.1164056e+02	5.0719819e+00	-1.2307081e-01	1.8160555e-03	-1.6732381e-05	9.4179427e-08	-2.9651584e-10	4.0000718e-13	0.0000000e+00
0	0	6	41	0	1.3156443e+03	-1.2418571e+02	4.7487683e+00	-9.7741865e-02	1.2212613e-03	-9.5141295e-06	4.5237005e-08	-1.2026193e-10	1.3701768e-13	0.0000000e+00
0	0	6	41	1	1.2566600e+03	-1.1941710e+02	4.5940995e+00	-9.5186032e-02	1.1990824e-03	-9.4297720e-06	4.5299267e-08	-1.2172958e-10	1.4021119e-13	0.0000000e+00
0	0	6	41	2	1.1435090e+03	-1.0872497e+02	4.1639214e+00	-8.5563987e-02	1.0680996e-03	-8.3188734e-06	3.9567691e-08	-1.0527707e-10	1.2007829e-13	0.0000000e+00
0	0	6	41	3	1.2308264e+03	-1.1618370e+02	4.4338360e+00	-9.1013201e-02	1.1350584e-03	-8.8312881e-06	4.1950454e-08	-1.1142672e-10	1.2681898e-13	0.0000000e+00
0	0	6	42	0	2.2522654e+03	-2.4778227e+02	1.1232173e+01	-2.7696443e-01	4.1441713e-03	-3.8635615e-05	2.1965417e-07	-6.9763312e-10	9.4899620e-13	0.0000000e+00
0	0	6	42	1	2.6241494e+03	-2.8974728e+02	1.3225054e+01	-3.2914874e-01	4.9709864e-03	-4.6779016e-05	2.6847147e-07	-8.6080926e-10	1.1822070e-12	0.0000000e+00
0	0	6	42	2	2.1422170e+03	-2.3881783e+02	1.0970798e+01	-2.7439439e-01	4.1700229e-03	-3.9529259e-05	2.2870599e-07	-7.3967960e-10	1.0250494e-12	0.0000000e+00
0	0	6	42	3	1.4784019e+03	-1.6180550e+02	7.2301664e+00	-1.7497253e-01	2.5827093e-03	-2.3887889e-05	1.3549310e-07	-4.3154094e-10	5.9115148e-13	0.0000000e+00
0	0	6	43	0	2.8156223e+03	-2.5830777e+02	9.8021345e+00	-2.0313045e-01	2.5584800e-03	-2.0112988e-05	9.6586753e-08	-2.5952393e-10	2.9909809e-13	0.0000000e+00
0	0	6	43	1	2.9341890e+03	-2.6909677e+02	1.0218084e+01	-2.1202660e-01	2.6740723e-03	-2.1049002e-05	1.0120766e-07	-2.7226185e-10	3.1413487e-13	0.0000000e+00
0	0	6	43	2	2.9379158e+03	-2.6901404e+02	1.0199307e+01	-2.1132433e-01	2.6613912e-03	-2.0919906e-05	1.0044988e-07	-2.6986399e-10	3.1096341e-13	0.0000000e+00
0	0	6	43	3	2.7674146e+03	-2.5159372e+02	9.4541273e+00	-1.9389279e-01	2.4162328e-03	-1.8789247e-05	8.9238526e-08	-2.3711491e-10	2.7020736e-13	0.0000000e+00
0	0	6	44	0	1.9852456e+03	-2.2054761e+02	1.0087452e+01	-2.5090033e-01	3.7933539e-03	-3.5792593e-05	2.0624685e-07	-6.6468675e-10	9.1826774e-13	0.0000000e+00
0	0	6	44	1	1.7016017e+03	-1.8951816e+02	8.6513968e+00	-2.1411555e-01	3.2220907e-03	-3.0275003e-05	1.7381925e-07	-5.5846322e-10	7.6951162e-13	0.0000000e+00
0	0	6	44	2	2.0527786e+03	-2.2744838e+02	1.0385778e+01	-2.5806403e-01	3.8980630e-03	-3.6748443e-05	2.1157851e-07	-6.8132922e-10	9.4056100e-13	0.0000000e+00
0	0	6	44	3	1.9329460e+03	-2.1286264e+02	9.6439362e+00	-2.3746400e-01	3.5544704e-03	-3.3209515e-05	1.8952002e-07	-6.0502259e-10	8.2811470e-13	0.0000000e+00
0	0	6	45	0	2.9823599e+03	-3.1197556e+02	1.3549520e+01	-3.2225877e-01	4.6598888e-03	-4.2036645e-05	2.3143414e-07	-7.1212486e-10	9.3879743e-13	0.0000000e+00
0	0	6	45	1	1.8620421e+03	-1.9529005e+02	8.3925734e+00	-1.9592668e-01	2.7827476e-03	-2.4695939e-05	1.3404157e-07	-4.0757167e-10	5.3212231e-13	0.0000000e+00
0	0	6	45	2	2.0824219e+03	-2.1832594e+02	9.4058371e+00	-2.2045374e-01	3.1403641e-03	-2.7918548e-05	1.5161184e-07	-4.6069693e-10	6.0048982e-13	0.0000000e+00
0	0	6	45	3	1.8577369e+03	-1.9422032e+02	8.3152781e+00	-1.9328088e-01	2.7310844e-03	-2.4092449e-05	1.2987803e-07	-3.9194839e-10	5.0758231e-13	0.0000000e+00
0	0	6	46	0	8.4864783e+02	-8.1750862e+01	3.1248169e+00	-6.3817672e-02	7.9763902e-04	-6.2597396e-06	3.0142807e-08	-8.1441187e-11	9.4456256e-14	0.0000000e+00
0	0	6	46	1	1.4170138e+03	-1.3105281e+02	4.9140420e+00	-9.9352449e-02	1.2207464e-03	-9.3594144e-06	4.3818428e-08	-1.1473329e-10	1.2875539e-13	0.0000000e+00
0	0	6	46	2	1.5123739e+03	-1.3854686e+02	5.1588359e+00	-1.0371064e-01	1.2670370e-03	-9.6601643e-06	4.4987072e-08	-1.1721833e-10	1.3096947e-13	0.0000000e+00
0	0	6	46	3	1.1389408e+03	-1.0668804e+02	4.0055432e+00	-8.0579661e-02	9.8513672e-04	-7.5172247e-06	3.5039591e-08	-9.1378620e-11	1.0215669e-13	0.0000000e+00
0	0	6	47	0	1.9722668e+03	-1.9313492e+02	7.7469130e+00	-1.6821006e-01	2.2180926e-03	-1.8263067e-05	9.1968460e-08	-2.5957886e-10	3.1481342e-13	0.0000000e+00
0	0	6	47	1	1.9078317e+03	-1.8622879e+02	7.4364743e+00	-1.6054450e-01	2.1039688e-03	-1.7210901e-05	8.6085457e-08	-2.4129246e-10	2.9056439e-13	0.0000000e+00
0	0	6	47	2	1.6964574e+03	-1.6509169e+02	6.5391335e+00	-1.3937417e-01	1.8001500e-03	-1.4492790e-05	7.1271181e-08	-1.9629086e-10	2.3218252e-13	0.0000000e+00
0	0	6	47	3	1.6391598e+03	-1.5884119e+02	6.2646866e+00	-1.3305555e-01	1.7153557e-03	-1.3808160e-05	6.8003921e-08	-1.8782391e-10	2.2303405e-13	0.0000000e+00
0	0	6	48	0	1.4781763e+03	-1.5780121e+02	6.8675146e+00	-1.6150880e-01	2.3084520e-03	-2.0590836e-05	1.1216436e-07	-3.4173642e-10	4.4629456e-13	0.0000000e+00
0	0	6	48	1	1.0827552e+03	-1.1797720e+02	5.1884069e+00	-1.2276941e-01	1.7733090e-03	-1.6054648e-05	8.9099863e-08	-2.7737279e-10	3.7080988e-13	0.0000000e+00
0	0	6	48	2	1.5303989e+03	-1.6297789e+02	7.0848408e+00	-1.6658664e-01	2.3807867e-03	-2.1235275e-05	1.1567644e-07	-3.5245637e-10	4.6034520e-13	0.0000000e+00
0	0	6	48	3	1.3748201e+03	-1.4643465e+02	6.3448992e+00	-1.4843813e-01	2.1128815e-03	-1.8791474e-05	1.0218593e-07	-3.1112882e-10	4.0640199e-13	0.0000000e+00
0	0	6	49	0	7.6087146e+02	-7.0793533e+01	2.5671983e+00	-4.8759509e-02	5.6142284e-04	-4.0344462e-06	1.7747722e-08	-4.3860790e-11	4.6692525e-14	0.0000000e+00
0	0	6	49	1	1.0558314e+03	-9.8604607e+01	3.6723928e+00	-7.2935745e-02	8.8013755e-04	-6.6318707e-06	3.0554173e-08	-7.8865726e-11	8.7399346e-14	0.0000000e+00
0	0	6	49	2	1.0966504e+03	-1.0216180e+02	3.8031893e+00	-7.5611323e-02	9.1344159e-04	-6.8903387e-06	3.1776807e-08	-8.2092805e-11	9.1043933e-14	0.0000000e+00
0	0	6	49	3	1.1465404e+03	-1.0570314e+02	3.8965466e+00	-7.6658674e-02	9.1516465e-04	-6.8163795e-06	3.1029149e-08	-7.9124325e-11	8.6635113e-14	0.0000000e+00
0	0	6	50	0	1.1199911e+03	-1.0987162e+02	4.3318872e+00	-9.1813706e-02	1.1832615e-03	-9.5077266e-06	4.6566367e-08	-1.2724778e-10	1.4863855e-13	0.0000000e+00
0	0	6	50	1	1.0928306e+03	-1.0729057e+02	4.2276859e+00	-8.9483723e-02	1.1516683e-03	-9.2414202e-06	4.5201613e-08	-1.2335427e-10	1.4389790e-13	0.0000000e+00
0	0	6	50	2	9.5690662e+02	-9.4181931e+01	3.6968405e+00	-7.7683747e-02	9.9376065e-04	-7.9360152e-06	3.8678113e-08	-1.0529819e-10	1.2265639e-13	0.0000000e+00
0	0	6	50	3	1.1626278e+03	-1.1208002e+02	4.3517580e+00	-9.0915084e-02	1.1550681e-03	-9.1511010e-06	4.4198678e-08	-1.1912095e-10	1.3725073e-13	0.0000000e+00
0	0	6	51	0	1.9505480e+03	-1.7137621e+02	6.1822248e+00	-1.2105392e-01	1.4397652e-03	-1.0685406e-05	4.8448261e-08	-1.2295115e-10	1.3388233e-13	0.0000000e+00
0	0	6	51	1	1.9288920e+03	-1.6953819e+02	6.1156731e+00	-1.1970220e-01	1.4228956e-03	-1.0552986e-05	4.7810321e-08	-1.2122846e-10	1.3188773e-13	0.0000000e+00
0	0	6	51	2	1.8377161e+03	-1.6149664e+02	5.8157821e+00	-1.1354207e-01	1.3464477e-03	-9.9645422e-06	4.5059672e-08	-1.1407109e-10	1.2393179e-13	0.0000000e+00
0	0	6	51	3	1.7725967e+03	-1.5511269e+02	5.5551271e+00	-1.0777086e-01	1.2699747e-03	-9.3400940e-06	4.1976808e-08	-1.0562538e-10	1.1407322e-13	0.0000000e+00
0	0	6	52	0	8.7065393e+02	-1.0349375e+02	4.8916068e+00	-1.2326113e-01	1.8878662e-03	-1.8043693e-05	1.0529644e-07	-3.4356112e-10	4.8016907e-13	0.0000000e+00
0	0	6	52	1	9.6041101e+02	-1.1339853e+02	5.3540564e+00	-1.3518809e-01	2.0740705e-03	-1.9848683e-05	1.1592362e-07	-3.7836503e-10	5.2878698e-13	0.0000000e+00
0	0	6	52	2	8.4417163e+02	-9.9721985e+01	4.6743622e+00	-1.1658581e-01	1.7671696e-03	-1.6719712e-05	9.6635851e-08	-3.1248895e-10	4.3310665e-13	0.0000000e+00
0	0	6	52	3	1.0382195e+03	-1.1938550e+02	5.5155101e+00	-1.3652979e-01	2.0540487e-03	-1.9286270e-05	1.1059745e-07	-3.5475753e-10	4.8771149e-13	0.0000000e+00
0	0	6	53	0	2.2657463e+03	-2.6679877e+02	1.2917456e+01	-3.3992356e-01	5.4273307e-03	-5.4003478e-05	3.2781608e-07	-1.1121357e-09	1.6166363e-12	0.0000000e+00
0	0	6	53	1	2.2284316e+03	-2.6254022e+02	1.2712009e+01	-3.3442637e-01	5.3379242e-03	-5.3097174e-05	3.2221485e-07	-1.0928051e-09	1.5880669e-12	0.0000000e+00
0	0	6	53	2	2.1900901e+03	-2.5683255e+02	1.2367753e+01	-3.2333949e-01	5.1270365e-03	-5.0651433e-05	3.0522085e-07	-1.0277971e-09	1.4828154e-12	0.0000000e+00
0	0	6	53	3	2.3704658e+03	-2.7637906e+02	1.3266650e+01	-3.4637925e-01	5.4869992e-03	-5.4164990e-05	3.2616515e-07	-1.0975808e-09	1.5824528e-12	0.0000000e+00
0	0	6	54	0	2.7022500e+03	-2.8885724e+02	1.2749845e+01	-3.0682239e-01	4.4862763e-03	-4.0926199e-05	2.2795888e-07	-7.1006384e-10	9.4811940e-13	0.0000000e+00
0	0	6	54	1	2.6238689e+03	-2.7983005e+02	1.2310613e+01	-2.9503590e-01	4.2951307e-03	-3.9004382e-05	2.1623707e-07	-6.7032990e-10	8.9070011e-13	0.0000000e+00
0	0	6	54	2	2.6931782e+03	-2.8673782e+02	1.2599651e+01	-3.0173364e-01	4.3892926e-03	-3.9828239e-05	2.2062547e-07	-6.8336264e-10	9.0725138e-13	0.0000000e+00
0	0	6	54	3	2.6618545e+03	-2.8181458e+02	1.2312570e+01	-2.9314455e-01	4.2399932e-03	-3.8257906e-05	2.1075995e-07	-6.4926448e-10	8.5735585e-13	0.0000000e+00
0	0	6	55	0	3.4060142e+03	-3.2405884e+02	1.2771849e+01	-2.7519241e-01	3.6012989e-03	-2.9394869e-05	1.4647433e-07	-4.0816411e-10	4.8764318e-13	0.0000000e+00
0	0	6	55	1	3.4179036e+03	-3.2507510e+02	1.2809273e+01	-2.7597976e-01	3.6116226e-03	-2.9481054e-05	1.4692019e-07	-4.0946749e-10	4.8929019e-13	0.0000000e+00
0	0	6	55	2	3.6246177e+03	-3.4427917e+02	1.3564862e+01	-2.9247430e-01	3.8304718e-03	-3.1291256e-05	1.5605153e-07	-4.3519488e-10	5.2034039e-13	0.0000000e+00
0	0	6	55	3	3.3980476e+03	-3.2033112e+02	1.2503775e+01	-2.6673302e-01	3.4549963e-03	-2.7907943e-05	1.3760172e-07	-3.7936385e-10	4.4837745e-13	0.0000000e+00
0	0	6	56	0	2.4144675e+03	-3.0019708e+02	1.5401739e+01	-4.3042508e-01	7.3068989e-03	-7.7380020e-05	5.0031224e-07	-1.8089926e-09	2.8038804e-12	0.0000000e+00
0	0	6	56	1	2.3592131e+03	-2.9372903e+02	1.5083970e+01	-4.2180949e-01	7.1654669e-03	-7.5935801e-05	4.9132444e-07	-1.7777357e-09	2.7572597e-12	0.0000000e+00
0	0	6	56	2	2.3978308e+03	-2.9836975e+02	1.5319824e+01	-4.2848575e-01	7.2809067e-03	-7.7187149e-05	4.9964285e-07	-1.8087759e-09	2.8070753e-12	0.0000000e+00
0	0	6	56	3	2.2906870e+03	-2.8257208e+02	1.4362978e+01	-3.9724866e-01	6.6735991e-03	-6.9938760e-05	4.4750794e-07	-1.6013045e-09	2.4561930e-12	0.0000000e+00
0	0	6	57	0	2.2660291e+03	-2.4875171e+02	1.1223634e+01	-2.7531669e-01	4.1044643e-03	-3.8200629e-05	2.1726433e-07	-6.9166162e-10	9.4469159e-13	0.0000000e+00
0	0	6	57	1	2.2489492e+03	-2.4662201e+02	1.1112645e+01	-2.7216789e-01	4.0509808e-03	-3.7641257e-05	2.1373297e-07	-6.7931927e-10	9.2635871e-13	0.0000000e+00
0	0	6	57	2	2.3083713e+03	-2.5305748e+02	1.1406574e+01	-2.7963224e-01	4.1663703e-03	-3.8754464e-05	2.2028480e-07	-7.0084810e-10	9.5663202e-13	0.0000000e+00
0	0	6	57	3	2.3457944e+03	-2.5507057e+02	1.1408403e+01	-2.7753946e-01	4.1029323e-03	-3.7860900e-05	2.1346634e-07	-6.7359562e-10	9.1183723e-13	0.0000000e+00
0	0	6	58	0	1.4722167e+03	-1.5824513e+02	6.8989024e+00	-1.6191183e-01	2.3078981e-03	-2.0522759e-05	1.1143891e-07	-3.3846617e-10	4.4067384e-13	0.0000000e+00
0	0	6	58	1	1.4492703e+03	-1.5575369e+02	6.7858291e+00	-1.5910548e-01	2.2660361e-03	-2.0137162e-05	1.0928997e-07	-3.3182090e-10	4.3192156e-13	0.0000000e+00
0	0	6	58	2	1.4305020e+03	-1.5353259e+02	6.6768193e+00	-1.5621588e-01	2.2202523e-03	-1.9690326e-05	1.0665460e-07	-3.2320188e-10	4.1991942e-13	0.0000000e+00
0	0	6	58	3	1.5958860e+03	-1.7042717e+02	7.4070559e+00	-1.7373897e-01	2.4755716e-03	-2.2006276e-05	1.1944417e-07	-3.6257505e-10	4.7174509e-13	0.0000000e+00
0	0	6	59	0	2.2587844e+03	-2.5833755e+02	1.2171094e+01	-3.1166238e-01	4.8454870e-03	-4.6994592e-05	2.7836069e-07	-9.2249602e-10	1.3112278e-12	0.0000000e+00
0	0	6	59	1	2.2801399e+03	-2.6033707e+02	1.2247088e+01	-3.1318361e-01	4.8625339e-03	-4.7096204e-05	2.7859213e-07	-9.2208008e-10	1.3090490e-12	0.0000000e+00
0	0	6	59	2	2.2827190e+03	-2.6038937e+02	1.2240293e+01	-3.1281745e-01	4.8542419e-03	-4.6992940e-05	2.7785188e-07	-9.1920033e-10	1.3043249e-12	0.0000000e+00
0	0	6	59	3	2.1627898e+03	-2.4585938e+02	1.1496883e+01	-2.9191396e-01	4.4994024e-03	-4.3258122e-05	2.5398154e-07	-8.3428636e-10	1.1753397e-12	0.0000000e+00
0	0	6	60	0	2.0363195e+03	-1.9954439e+02	8.0149918e+00	-1.7485027e-01	2.3189376e-03	-1.9193683e-05	9.7002356e-08	-2.7410033e-10	3.3186951e-13	0.0000000e+00
0	0	6	60	1	2.0328014e+03	-1.9926323e+02	8.0057535e+00	-1.7468974e-01	2.3174179e-03	-1.9186758e-05	9.6999038e-08	-2.7418923e-10	3.3210595e-13	0.0000000e+00
0	0	6	60	2	2.0715757e+03	-2.0289204e+02	8.1493950e+00	-1.7784928e-01	2.3596310e-03	-1.9537671e-05	9.8772958e-08	-2.7918065e-10	3.3810042e-13	0.0000000e+00
0	0	6	60	3	2.0193815e+03	-1.9656042e+02	7.8390951e+00	-1.6975868e-01	2.2348706e-03	-1.8362225e-05	9.2121894e-08	-2.5841204e-10	3.1059568e-13	0.0000000e+00
0	0	6	61	0	1.2775375e+03	-1.7074274e+02	9.1640234e+00	-2.6313755e-01	4.5779957e-03	-4.9581398e-05	3.2726172e-07	-1.2060354e-09	1.9020109e-12	0.0000000e+00
0	0	6	61	1	1.3305679e+03	-1.7699907e+02	9.4752665e+00	-2.7173814e-01	4.7227335e-03	-5.1104515e-05	3.3707221e-07	-1.2414658e-09	1.9570315e-12	0.0000000e+00
0	0	6	61	2	1.6255261e+03	-2.1316574e+02	1.1350605e+01	-3.2555953e-01	5.6592263e-03	-6.1238949e-05	4.0380567e-07	-1.4863836e-09	2.3412986e-12	0.0000000e+00
0	0	6	61	3	1.6689911e+03	-2.1804582e+02	1.1580655e+01	-3.3163157e-01	5.7569817e-03	-6.2221428e-05	4.0981536e-07	-1.5067955e-09	2.3707542e-12	0.0000000e+00
0	0	6	62	0	8.5864307e+02	-9.8118591e+01	4.4544849e+00	-1.0768413e-01	1.5831166e-03	-1.4534739e-05	8.1542531e-08	-2.5596786e-10	3.4437926e-13	0.0000000e+00
0	0	6	62	1	8.5756287e+02	-9.7988152e+01	4.4481044e+00	-1.0751931e-01	1.5805785e-03	-1.4510868e-05	8.1407677e-08	-2.5554606e-10	3.4381853e-13	0.0000000e+00
0	0	6	62	2	8.3481342e+02	-9.5417564e+01	4.3272128e+00	-1.0442843e-01	1.5332804e-03	-1.4065252e-05	7.8873029e-08	-2.4755797e-10	3.3310461e-13	0.0000000e+00
0	0	6	62	3	1.1333824e+03	-1.2619034e+02	5.6644225e+00	-1.3657954e-01	2.0017598e-03	-1.8309773e-05	1.0226893e-07	-3.1942268e-10	4.2746866e-13	0.0000000e+00
0	0	6	63	0	2.5919619e+03	-2.6083997e+02	1.0850746e+01	-2.4628273e-01	3.4008219e-03	-2.9344497e-05	1.5485760e-07	-4.5776627e-10	5.8095797e-13	0.0000000e+00
0	0	6	63	1	2.6262083e+03	-2.6423474e+02	1.0993810e+01	-2.4965014e-01	3.4492479e-03	-2.9780629e-05	1.5726076e-07	-4.6517476e-10	5.9074674e-13	0.0000000e+00
0	0	6	63	2	2.5817915e+03	-2.5912054e+02	1.0747287e+01	-2.4315098e-01	3.3462045e-03	-2.8770788e-05	1.5126791e-07	-4.4543169e-10	5.6304001e-13	0.0000000e+00
0	0	6	63	3	2.3117803e+03	-2.2989980e+02	9.4218454e+00	-2.1021062e-01	2.8534911e-03	-2.4212550e-05	1.2571427e-07	-3.6582989e-10	4.5727891e-13	0.0000000e+00
0	0	7	0	0	2.6694958e+03	-3.0608734e+02	1.4521453e+01	-3.7604591e-01	5.9220009e-03	-5.8264068e-05	3.5059185e-07	-1.1819568e-09	1.7114444e-12	0.0000000e+00
0	0	7	0	1	2.7549065e+03	-3.1575406e+02	1.4983095e+01	-3.8822654e-01	6.1165635e-03	-6.0194950e-05	3.6224372e-07	-1.2211273e-09	1.7677236e-12	0.0000000e+00
0	0	7	0	2	2.7905815e+03	-3.1982950e+02	1.5180653e+01	-3.9355189e-01	6.2040049e-03	-6.1091865e-05	3.6786440e-07	-1.2408288e-09	1.7973347e-12	0.0000000e+00
0	0	7	0	3	2.8398857e+03	-3.2434512e+02	1.5350175e+01	-3.9700612e-01	6.2451516e-03	-6.1377315e-05	3.6891089e-07	-1.2422001e-09	1.7963155e-12	0.0000000e+00
0	0	7	1	0	1.8572130e+03	-2.3706570e+02	1.2419574e+01	-3.5284719e-01	6.0827765e-03	-6.5362125e-05	4.2856692e-07	-1.5708889e-09	2.4677866e-12	0.0000000e+00
0	0	7	1	1	1.8159409e+03	-2.3192561e+02	1.2149993e+01	-3.4503642e-01	5.9456504e-03	-6.3865074e-05	4.1861804e-07	-1.5340060e-09	2.4092683e-12	0.0000000e+00
0	0	7	1	2	1.8969792e+03	-2.4186980e+02	1.2663686e+01	-3.5973582e-01	6.2009096e-03	-6.6624001e-05	4.3677119e-07	-1.6005903e-09	2.5136694e-12	0.0000000e+00
0	0	7	1	3	1.8154703e+03	-2.3018665e+02	1.1969283e+01	-3.3733654e-01	5.7688858e-03	-6.1496728e-05	4.0005276e-07	-1.4550037e-09	2.2682667e-12	0.0000000e+00
0	0	7	2	0	2.5043337e+03	-3.0980701e+02	1.5847712e+01	-4.4250876e-01	7.5111771e-03	-7.9613746e-05	5.1583663e-07	-1.8715918e-09	2.9150714e-12	0.0000000e+00
0	0	7	2	1	2.7252637e+03	-3.3676428e+02	1.7233624e+01	-4.8181084e-01	8.1847887e-03	-8.6773856e-05	5.6202668e-07	-2.0372639e-09	3.1685121e-12	0.0000000e+00
0	0	7	2	2	2.1810312e+03	-2.6859656e+02	1.3620571e+01	-3.7587428e-01	6.3020838e-03	-6.5966189e-05	4.2208939e-07	-1.5126403e-09	2.3275112e-12	0.0000000e+00
0	0	7	2	3	2.1913835e+03	-2.7027646e+02	1.3740024e+01	-3.8061625e-01	6.4132176e-03	-6.7534122e-05	4.3514066e-07	-1.5715879e-09	2.4388176e-12	0.0000000e+00
0	0	7	3	0	1.9722488e+03	-2.8063440e+02	1.6363729e+01	-5.1724315e-01	9.9209957e-03	-1.1864171e-04	8.6611703e-07	-3.5367080e-09	6.1935040e-12	0.0000000e+00
0	0	7	3	1	1.9204745e+03	-2.7319653e+02	1.5911960e+01	-5.0207657e-01	9.6128322e-03	-1.1475570e-04	8.3636621e-07	-3.4100445e-09	5.9634689e-12	0.0000000e+00
0	0	7	3	2	1.9233677e+03	-2.7348746e+02	1.5925819e+01	-5.0257778e-01	9.6258903e-03	-1.1497393e-04	8.3852535e-07	-3.4214740e-09	5.9883522e-12	0.0000000e+00
0	0	7	3	3	1.8820804e+03	-2.6681006e+02	1.5476964e+01	-4.8631743e-01	9.2755100e-03	-1.1034625e-04	8.0174158e-07	-3.2598597e-09	5.6867809e-12	0.0000000e+00
0	0	7	4	0	2.3403258e+02	-3.7811348e+01	2.0052059e+00	-5.2330691e-02	8.2257594e-04	-8.0478294e-06	4.8092389e-08	-1.6092291e-10	2.3082800e-13	0.0000000e+00
0	0	7	4	1	3.2961554e+02	-4.8273243e+01	2.4895535e+00	-6.4753436e-02	1.0158337e-03	-9.9182735e-06	5.9110775e-08	-1.9710933e-10	2.8165315e-13	0.0000000e+00
0	0	7	4	2	4.6737851e+02	-6.3296276e+01	3.1829848e+00	-8.2507052e-02	1.2921205e-03	-1.2599366e-05	7.4980989e-08	-2.4958288e-10	3.5596257e-13	0.0000000e+00
0	0	7	4	3	4.6847107e+02	-6.2217480e+01	3.0837345e+00	-7.8862391e-02	1.2199096e-03	-1.1760612e-05	6.9255137e-08	-2.2828178e-10	3.2262929e-13	0.0000000e+00
0	0	7	5	0	5.0777876e+03	-5.9582642e+02	2.9185190e+01	-7.8539431e-01	1.2849989e-02	-1.3128939e-04	8.1998189e-07	-2.8678657e-09	4.3066258e-12	0.0000000e+00
0	0	7	5	1	5.1273955e+03	-6.0192621e+02	2.9501951e+01	-7.9447949e-01	1.3007750e-02	-1.3299196e-04	8.3115987e-07	-2.9087763e-09	4.3706692e-12	0.0000000e+00
0	0	7	5	2	4.9488872e+03	-5.8095123e+02	2.8462774e+01	-7.6606703e-01	1.2537342e-02	-1.2814852e-04	8.0079417e-07	-2.8025431e-09	4.2115591e-12	0.0000000e+00
0	0	7	5	3	4.6624453e+03	-5.4600635e+02	2.6662790e+01	-7.1493173e-01	1.1658459e-02	-1.1876577e-04	7.3987707e-07	-2.5821014e-09	3.8704183e-12	0.0000000e+00
0	0	7	6	0	2.3186375e+03	-3.0397861e+02	1.6450645e+01	-4.8484674e-01	8.6844461e-03	-9.7135293e-05	6.6419324e-07	-2.5434670e-09	4.1813371e-12	0.0000000e+00
0	0	7	6	1	2.3070979e+03	-3.0215219e+02	1.6330442e+01	-4.8057964e-01	8.5943900e-03	-9.5971984e-05	6.5517173e-07	-2.5049260e-09	4.1116745e-12	0.0000000e+00
0	0	7	6	2	2.2960273e+03	-3.0073419e+02	1.6254677e+01	-4.7841769e-01	8.5584726e-03	-9.5618481e-05	6.5318403e-07	-2.4992519e-09	4.1058545e-12	0.0000000e+00
0	0	7	6	3	2.3410105e+03	-3.0468484e+02	1.6370712e+01	-4.7914034e-01	8.5241543e-03	-9.4719355e-05	6.4361399e-07	-2.4499178e-09	4.0046378e-12	0.0000000e+00
0	0	7	7	0	1.8309186e+03	-2.3565082e+02	1.2456533e+01	-3.5719132e-01	6.2192581e-03	-6.7555506e-05	4.4815525e-07	-1.6632232e-09	2.6469309e-12	0.0000000e+00
0	0	7	7	1	1.8364872e+03	-2.3593491e+02	1.2450599e+01	-3.5646018e-01	6.1974498e-03	-6.7228801e-05	4.4545578e-07	-1.6514761e-09	2.6258689e-12	0.0000000e+00
0	0	7	7	2	1.8674821e+03	-2.3976071e+02	1.2649641e+01	-3.6219653e-01	6.2979134e-03	-6.8326211e-05	4.5277289e-07	-1.6787555e-09	2.6694805e-12	0.0000000e+00
0	0	7	7	3	1.8492753e+03	-2.3703839e+02	1.2480015e+01	-3.5654616e-01	6.1858068e-03	-6.6958368e-05	4.4268947e-07	-1.6375165e-09	2.5976625e-12	0.0000000e+00
0	0	7	8	0	1.5154893e+03	-1.5112163e+02	6.1524997e+00	-1.3550778e-01	1.8160758e-03	-1.5212136e-05	7.7945018e-08	-2.2374082e-10	2.7570413e-13	0.0000000e+00
0	0	7	8	1	1.5137467e+03	-1.5097540e+02	6.1470900e+00	-1.3539103e-01	1.8144007e-03	-1.5195893e-05	7.7843922e-08	-2.2338259e-10	2.7516224e-13	0.0000000e+00
0	0	7	8	2	1.4842480e+03	-1.4790578e+02	6.0126944e+00	-1.3217171e-01	1.7680322e-03	-1.4783076e-05	7.5617535e-08	-2.1671173e-10	2.6663800e-13	0.0000000e+00
0	0	7	8	3	1.3875284e+03	-1.3751350e+02	5.5436587e+00	-1.2057457e-01	1.5953003e-03	-1.3190583e-05	6.6715081e-08	-1.8904674e-10	2.2996752e-13	0.0000000e+00
0	0	7	9	0	1.5083456e+03	-2.0238376e+02	1.1101724e+01	-3.2970345e-01	5.9614489e-03	-6.7447560e-05	4.6752126e-07	-1.8187978e-09	3.0431484e-12	0.0000000e+00
0	0	7	9	1	1.5201046e+03	-2.0388893e+02	1.1184914e+01	-3.3228141e-01	6.0104216e-03	-6.8031579e-05	4.7178756e-07	-1.8362446e-09	3.0737370e-12	0.0000000e+00
0	0	7	9	2	1.3710316e+03	-1.8473668e+02	1.0142862e+01	-3.0091786e-01	5.4377350e-03	-6.1519568e-05	4.2665539e-07	-1.6615732e-09	2.7841588e-12	0.0000000e+00
0	0	7	9	3	1.4458956e+03	-1.9279738e+02	1.0489751e+01	-3.0850539e-01	5.5215675e-03	-6.1817635e-05	4.2393566e-07	-1.6315490e-09	2.7004820e-12	0.0000000e+00
0	0	7	10	0	2.1007166e+03	-2.4814046e+02	1.2068026e+01	-3.1919056e-01	5.1321997e-03	-5.1546431e-05	3.1664678e-07	-1.0899921e-09	1.6117715e-12	0.0000000e+00
0	0	7	10	1	2.1438550e+03	-2.5298582e+02	1.2297894e+01	-3.2522488e-01	5.2281967e-03	-5.2495870e-05	3.2235963e-07	-1.1091577e-09	1.6392866e-12	0.0000000e+00
0	0	7	10	2	2.1555281e+03	-2.5461198e+02	1.2390461e+01	-3.2811630e-01	5.2824821e-03	-5.3124357e-05	3.2675013e-07	-1.1261131e-09	1.6670647e-12	0.0000000e+00
0	0	7	10	3	2.4419583e+03	-2.8720142e+02	1.3961666e+01	-3.7020752e-01	5.9687719e-03	-6.0110284e-05	3.7017102e-07	-1.2769862e-09	1.8917561e-12	0.0000000e+00
0	0	7	11	0	1.8206639e+03	-2.1822530e+02	1.0717144e+01	-2.8569242e-01	4.6288287e-03	-4.6821740e-05	2.8941176e-07	-1.0012587e-09	1.4860560e-12	0.0000000e+00
0	0	7	11	1	1.8248774e+03	-2.1823959e+02	1.0698079e+01	-2.8474826e-01	4.6077650e-03	-4.6562243e-05	2.8758640e-07	-9.9437591e-10	1.4752435e-12	0.0000000e+00
0	0	7	11	2	1.3807228e+03	-1.6710617e+02	8.2002211e+00	-2.1706289e-01	3.4935493e-03	-3.5135115e-05	2.1617100e-07	-7.4530326e-10	1.1034872e-12	0.0000000e+00
0	0	7	11	3	1.3931046e+03	-1.6821638e+02	8.2361221e+00	-2.1754023e-01	3.4925800e-03	-3.5023942e-05	2.1475465e-07	-7.3747930e-10	1.0869256e-12	0.0000000e+00
0	0	7	12	0	5.8299908e+02	-7.4555031e+01	3.7372909e+00	-9.8645277e-02	1.5843543e-03	-1.5909638e-05	9.7741967e-08	-3.3635550e-10	4.9641720e-13	0.0000000e+00
0	0	7	12	1	5.8344141e+02	-7.4768753e+01	3.7563608e+00	-9.9397071e-02	1.6004957e-03	-1.6112195e-05	9.9227293e-08	-3.4225919e-10	5.0625351e-13	0.0000000e+00
0	0	7	12	2	7.3324634e+02	-9.1692024e+01	4.5627003e+00	-1.2067184e-01	1.9413824e-03	-1.9517231e-05	1.1997712e-07	-4.1291748e-10	6.0936407e-13	0.0000000e+00
0	0	7	12	3	3.0646741e+02	-4.2446415e+01	2.1609192e+00	-5.5939469e-02	8.8394753e-04	-8.7704739e-06	5.3467705e-08	-1.8326481e-10	2.6999068e-13	0.0000000e+00
0	0	7	13	0	2.6712195e+03	-2.7861032e+02	1.2022994e+01	-2.8300729e-01	4.0465221e-03	-3.6110509e-05	1.9691404e-07	-6.0118205e-10	7.8785567e-13	0.0000000e+00
0	0	7	13	1	2.6918257e+03	-2.8087692e+02	1.2127775e+01	-2.8567800e-01	4.0876637e-03	-3.6503356e-05	1.9918924e-07	-6.0850686e-10	7.9791750e-13	0.0000000e+00
0	0	7	13	2	2.6090059e+03	-2.7197787e+02	1.1724867e+01	-2.7564776e-01	3.9370367e-03	-3.5102152e-05	1.9128277e-07	-5.8370242e-10	7.6471636e-13	0.0000000e+00
0	0	7	13	3	2.6931279e+03	-2.7970233e+02	1.2021648e+01	-2.8193423e-01	4.0172478e-03	-3.5732759e-05	1.9425597e-07	-5.9133709e-10	7.7279844e-13	0.0000000e+00
0	0	7	14	0	3.7430063e+03	-4.0741754e+02	1.8427992e+01	-4.5618021e-01	6.8622306e-03	-6.4471336e-05	3.7048900e-07	-1.1933619e-09	1.6522440e-12	0.0000000e+00
0	0	7	14	1	3.5713806e+03	-3.8708817e+02	1.7410004e+01	-4.2799032e-01	6.3891178e-03	-5.9534046e-05	3.3914253e-07	-1.0824603e-09	1.4845581e-12	0.0000000e+00
0	0	7	14	2	3.6376106e+03	-3.9430322e+02	1.7750374e+01	-4.3709084e-01	6.5396111e-03	-6.1105922e-05	3.4924358e-07	-1.1189060e-09	1.5410290e-12	0.0000000e+00
0	0	7	14	3	3.4520549e+03	-3.7166528e+02	1.6589302e+01	-4.0443340e-01	5.9863189e-03	-5.5303517e-05	3.1234080e-07	-9.8839226e-10	1.3440204e-12	0.0000000e+00
0	0	7	15	0	2.4216411e+03	-2.8485016e+02	1.3837296e+01	-3.6648095e-01	5.8978698e-03	-5.9254016e-05	3.6383892e-07	-1.2509155e-09	1.8461257e-12	0.0000000e+00
0	0	7	15	1	2.3943765e+03	-2.8112915e+02	1.3628518e+01	-3.6016968e-01	5.7843947e-03	-5.8003257e-05	3.5554154e-07	-1.2204959e-09	1.7987785e-12	0.0000000e+00
0	0	7	15	2	2.3928281e+03	-2.8079852e+02	1.3604631e+01	-3.5931605e-01	5.7669641e-03	-5.7789701e-05	3.5398730e-07	-1.2143007e-09	1.7883633e-12	0.0000000e+00
0	0	7	15	3	2.2632817e+03	-2.6491205e+02	1.2783662e+01	-3.3601949e-01	5.3680772e-03	-5.3554573e-05	3.2666506e-07	-1.1160795e-09	1.6373441e-12	0.0000000e+00
0	0	7	16	0	8.7434918e+02	-1.1919605e+02	6.4365420e+00	-1.8446016e-01	3.2123602e-03	-3.4980931e-05	2.3338924e-07	-8.7441887e-10	1.4096339e-12	0.0000000e+00
0	0	7	16	1	9.4836835e+02	-1.2866658e+02	6.9487910e+00	-1.9980156e-01	3.4910194e-03	-3.8130031e-05	2.5504869e-07	-9.5745656e-10	1.5457298e-12	0.0000000e+00
0	0	7	16	2	9.9375269e+02	-1.3448122e+02	7.2635727e+00	-2.0923010e-01	3.6621611e-03	-4.0061183e-05	2.6830526e-07	-1.0081828e-09	1.6287476e-12	0.0000000e+00
0	0	7	16	3	1.6159231e+03	-2.1205914e+02	1.1366579e+01	-3.2975808e-01	5.8154282e-03	-6.4053012e-05	4.3136046e-07	-1.6271182e-09	2.6349259e-12	0.0000000e+00
0	0	7	17	0	2.4021160e+03	-2.2958463e+02	9.0566607e+00	-1.9472326e-01	2.5460729e-03	-2.0809455e-05	1.0411820e-07	-2.9224159e-10	3.5281042e-13	0.0000000e+00
0	0	7	17	1	2.3443042e+03	-2.2380231e+02	8.8123884e+00	-1.8901885e-01	2.4654055e-03	-2.0100810e-05	1.0033408e-07	-2.8098898e-10	3.3851665e-13	0.0000000e+00
0	0	7	17	2	2.6047688e+03	-2.4922101e+02	9.8610210e+00	-2.1297070e-01	2.7971943e-03	-2.2959875e-05	1.1532708e-07	-3.2481140e-10	3.9327011e-13	0.0000000e+00
0	0	7	17	3	2.0379130e+03	-1.9237659e+02	7.4557562e+00	-1.5681708e-01	2.0040912e-03	-1.6003907e-05	7.8242806e-08	-2.1468570e-10	2.5351474e-13	0.0000000e+00
0	0	7	18	0	1.4364827e+03	-1.4867590e+02	6.3010659e+00	-1.4442596e-01	2.0129010e-03	-1.7529261e-05	9.3375114e-08	-2.7867489e-10	3.5708589e-13	0.0000000e+00
0	0	7	18	1	1.4426819e+03	-1.4925847e+02	6.3233180e+00	-1.4487717e-01	2.0181732e-03	-1.7565153e-05	9.3509506e-08	-2.7890387e-10	3.5716428e-13	0.0000000e+00
0	0	7	18	2	1.5055114e+03	-1.5571182e+02	6.6019373e+00	-1.5152673e-01	2.1143137e-03	-1.8429195e-05	9.8232654e-08	-2.9328809e-10	3.7588422e-13	0.0000000e+00
0	0	7	18	3	1.5005897e+03	-1.5412411e+02	6.4912124e+00	-1.4803533e-01	2.0532634e-03	-1.7797531e-05	9.4375288e-08	-2.8041533e-10	3.5776829e-13	0.0000000e+00
0	0	7	19	0	2.5652446e+03	-2.6873505e+02	1.1606300e+01	-2.7290112e-01	3.8975941e-03	-3.4751873e-05	1.8942340e-07	-5.7832172e-10	7.5819060e-13	0.0000000e+00
0	0	7	19	1	2.4395952e+03	-2.5505983e+02	1.0978530e+01	-2.5699505e-01	3.6536481e-03	-3.2427477e-05	1.7595578e-07	-5.3484650e-10	6.9820723e-13	0.0000000e+00
0	0	7	19	2	2.3924321e+03	-2.4981181e+02	1.0732564e+01	-2.5065681e-01	3.5551039e-03	-3.1478092e-05	1.7040449e-07	-5.1678439e-10	6.7311055e-13	0.0000000e+00
0	0	7	19	3	3.6659336e+03	-3.8176343e+02	1.6530010e+01	-3.9199916e-01	5.6494013e-03	-5.0820985e-05	2.7932984e-07	-8.5927560e-10	1.1342118e-12	0.0000000e+00
0	0	7	20	0	1.4674070e+03	-1.9160152e+02	1.0190943e+01	-2.9255915e-01	5.1054806e-03	-5.5668974e-05	3.7138881e-07	-1.3889319e-09	2.2317749e-12	0.0000000e+00
0	0	7	20	1	1.6698921e+03	-2.1874936e+02	1.1735742e+01	-3.4124812e-01	6.0360045e-03	-6.6726854e-05	4.5131202e-07	-1.7107159e-09	2.7852694e-12	0.0000000e+00
0	0	7	20	2	9.7967065e+02	-1.2987474e+02	6.8748150e+00	-1.9373477e-01	3.3161752e-03	-3.5482753e-05	2.3258951e-07	-8.5622581e-10	1.3566329e-12	0.0000000e+00
0	0	7	20	3	5.9765704e+02	-8.0692772e+01	4.2008533e+00	-1.1346307e-01	1.8570495e-03	-1.8999937e-05	1.1933449e-07	-4.2251846e-10	6.4652661e-13	0.0000000e+00
0	0	7	21	0	2.5044014e+03	-2.5994727e+02	1.1185263e+01	-2.6317024e-01	3.7679076e-03	-3.3719942e-05	1.8463105e-07	-5.6653671e-10	7.4674934e-13	0.0000000e+00
0	0	7	21	1	2.4879976e+03	-2.5819186e+02	1.1105776e+01	-2.6118100e-01	3.7378012e-03	-3.3437347e-05	1.8302057e-07	-5.6142874e-10	7.3982850e-13	0.0000000e+00
0	0	7	21	2	2.4213965e+03	-2.5110764e+02	1.0788774e+01	-2.5337249e-01	3.6215668e-03	-3.2363383e-05	1.7698990e-07	-5.4256805e-10	7.1462378e-13	0.0000000e+00
0	0	7	21	3	2.1963484e+03	-2.2760014e+02	9.7532454e+00	-2.2822607e-01	3.2518969e-03	-2.8984248e-05	1.5818114e-07	-4.8413717e-10	6.3689684e-13	0.0000000e+00
0	0	7	22	0	2.7135886e+03	-3.4743134e+02	1.8398205e+01	-5.3145707e-01	9.3273083e-03	-1.0216889e-04	6.8377437e-07	-2.5614557e-09	4.1175323e-12	0.0000000e+00
0	0	7	22	1	2.5544373e+03	-3.2583035e+02	1.7167356e+01	-4.9292409e-01	8.5999528e-03	-9.3664785e-05	6.2345100e-07	-2.3234503e-09	3.7166724e-12	0.0000000e+00
0	0	7	22	2	2.4551926e+03	-3.1300064e+02	1.6464718e+01	-4.7162867e-01	8.2085384e-03	-8.9188652e-05	5.9229154e-07	-2.2025080e-09	3.5159224e-12	0.0000000e+00
0	0	7	22	3	2.4991377e+03	-3.1793475e+02	1.6693743e+01	-4.7749144e-01	8.2985917e-03	-9.0034249e-05	5.9698181e-07	-2.2162721e-09	3.5316194e-12	0.0000000e+00
0	0	7	23	0	2.3393750e+03	-2.8203259e+02	1.4027023e+01	-3.8017309e-01	6.2619350e-03	-6.4394808e-05	4.0471539e-07	-1.4240246e-09	2.1503296e-12	0.0000000e+00
0	0	7	23	1	2.3821350e+03	-2.8698291e+02	1.4271746e+01	-3.8695389e-01	6.3771550e-03	-6.5624714e-05	4.1277036e-07	-1.4536241e-09	2.1970787e-12	0.0000000e+00
0	0	7	23	2	2.3948374e+03	-2.8820773e+02	1.4318186e+01	-3.8782132e-01	6.3846097e-03	-6.5627464e-05	4.1230450e-07	-1.4502348e-09	2.1892601e-12	0.0000000e+00
0	0	7	23	3	2.4951458e+03	-2.9903989e+02	1.4812064e+01	-4.0038103e-01	6.5798443e-03	-6.7532092e-05	4.2371354e-07	-1.4886522e-09	2.2450165e-12	0.0000000e+00
0	0	7	24	0	1.9469366e+03	-2.5570482e+02	1.3837238e+01	-4.0796778e-01	7.3199300e-03	-8.2049221e-05	5.6207779e-07	-2.1545947e-09	3.5412829e-12	0.0000000e+00
0	0	7	24	1	1.9830022e+03	-2.6037680e+02	1.4092839e+01	-4.1570285e-01	7.4616205e-03	-8.3660008e-05	5.7319437e-07	-2.1972657e-09	3.6111990e-12	0.0000000e+00
0	0	7	24	2	2.0307339e+03	-2.6639728e+02	1.4413438e+01	-4.2518470e-01	7.6322984e-03	-8.5578307e-05	5.8636181e-07	-2.2478004e-09	3.6943270e-12	0.0000000e+00
0	0	7	24	3	2.0869788e+03	-2.7163138e+02	1.4598258e+01	-4.2810631e-01	7.6426356e-03	-8.5255604e-05	5.8134805e-07	-2.2184985e-09	3.6305214e-12	0.0000000e+00
0	0	7	25	0	2.3124941e+03	-2.6187250e+02	1.2227170e+01	-3.1084156e-01	4.8010806e-03	-4.6294426e-05	2.7285728e-07	-9.0061658e-10	1.2762180e-12	0.0000000e+00
0	0	7	25	1	2.4030176e+03	-2.7234097e+02	1.2741986e+01	-3.2487762e-01	5.0335205e-03	-4.8692535e-05	2.8793221e-07	-9.5348074e-10	1.3555058e-12	0.0000000e+00
0	0	7	25	2	2.2386890e+03	-2.5353828e+02	1.1826189e+01	-3.0012020e-01	4.6266681e-03	-4.4524844e-05	2.6190591e-07	-8.6275531e-10	1.2201393e-12	0.0000000e+00
0	0	7	25	3	3.2919788e+03	-3.6969171e+02	1.7261625e+01	-4.4135439e-01	6.8581658e-03	-6.6509980e-05	3.9400362e-07	-1.3060037e-09	1.8570466e-12	0.0000000e+00
0	0	7	26	0	1.1204768e+03	-1.3164963e+02	6.1440234e+00	-1.5191813e-01	2.2684759e-03	-2.1094640e-05	1.1989606e-07	-3.8224762e-10	5.2430667e-13	0.0000000e+00
0	0	7	26	1	9.5950110e+02	-1.1265707e+02	5.1991801e+00	-1.2599571e-01	1.8384643e-03	-1.6667238e-05	9.2200324e-08	-2.8579572e-10	3.8084369e-13	0.0000000e+00
0	0	7	26	2	9.6988477e+02	-1.1398185e+02	5.2686534e+00	-1.2797117e-01	1.8719890e-03	-1.7017062e-05	9.4401948e-08	-2.9346142e-10	3.9218170e-13	0.0000000e+00
0	0	7	26	3	2.8847615e+03	-3.2740930e+02	1.5361423e+01	-3.9288664e-01	6.0992674e-03	-5.9075770e-05	3.4961198e-07	-1.1583697e-09	1.6475689e-12	0.0000000e+00
0	0	7	27	0	1.6503840e+03	-1.7527585e+02	7.6126008e+00	-1.7913999e-01	2.5641595e-03	-2.2940307e-05	1.2559421e-07	-3.8547412e-10	5.0831306e-13	0.0000000e+00
0	0	7	27	1	1.6620237e+03	-1.7648146e+02	7.6657915e+00	-1.8044691e-01	2.5838090e-03	-2.3125871e-05	1.2667032e-07	-3.8898032e-10	5.1322932e-13	0.0000000e+00
0	0	7	27	2	1.6587581e+03	-1.7599292e+02	7.6362672e+00	-1.7951863e-01	2.5668233e-03	-2.2938410e-05	1.2544082e-07	-3.8456846e-10	5.0656224e-13	0.0000000e+00
0	0	7	27	3	1.5574182e+03	-1.6491884e+02	7.1269183e+00	-1.6668287e-01	2.3720386e-03	-2.1109241e-05	1.1502585e-07	-3.5159489e-10	4.6200928e-13	0.0000000e+00
0	0	7	28	0	1.5373569e+03	-1.7366385e+02	7.9088855e+00	-1.9154920e-01	2.7806631e-03	-2.4863884e-05	1.3397954e-07	-3.9791126e-10	4.9722303e-13	0.0000000e+00
0	0	7	28	1	3.9335852e+03	-4.6170593e+02	2.2576649e+01	-6.0535097e-01	9.8656705e-03	-1.0038427e-04	6.2426750e-07	-2.1736069e-09	3.2488602e-12	0.0000000e+00
0	0	7	28	2	3.9974666e+03	-4.6754953e+02	2.2788733e+01	-6.0919517e-01	9.8991906e-03	-1.0043850e-04	6.2288279e-07	-2.1630031e-09	3.2246753e-12	0.0000000e+00
0	0	7	28	3	3.7105935e+03	-4.3179105e+02	2.0908953e+01	-5.5476856e-01	8.9468239e-03	-9.0095869e-05	5.5461896e-07	-1.9120068e-09	2.8301849e-12	0.0000000e+00
0	0	7	29	0	2.7863489e+03	-3.4425375e+02	1.7611025e+01	-4.9148944e-01	8.3221113e-03	-8.7814777e-05	5.6531292e-07	-2.0342423e-09	3.1376336e-12	0.0000000e+00
0	0	7	29	1	2.7366621e+03	-3.3804587e+02	1.7283617e+01	-4.8197258e-01	8.1550879e-03	-8.5998065e-05	5.5332180e-07	-1.9902211e-09	3.0686545e-12	0.0000000e+00
0	0	7	29	2	2.5951885e+03	-3.2032324e+02	1.6347025e+01	-4.5467222e-01	7.6737478e-03	-8.0727819e-05	5.1824304e-07	-1.8601669e-09	2.8626162e-12	0.0000000e+00
0	0	7	29	3	2.6180842e+03	-3.2257913e+02	1.6438345e+01	-4.5672405e-01	7.7016922e-03	-8.0965285e-05	5.1947308e-07	-1.8636876e-09	2.8668140e-12	0.0000000e+00
0	0	7	30	0	3.5551189e+03	-4.2454755e+02	2.1068178e+01	-5.7234710e-01	9.4400886e-03	-9.7092743e-05	6.0960366e-07	-2.1406175e-09	3.2236529e-12	0.0000000e+00
0	0	7	30	1	3.5689150e+03	-4.2602576e+02	2.1135262e+01	-5.7404280e-01	9.4662458e-03	-9.7345917e-05	6.1111206e-07	-2.1457063e-09	3.2311512e-12	0.0000000e+00
0	0	7	30	2	3.5764551e+03	-4.2636740e+02	2.1125444e+01	-5.7308710e-01	9.4394917e-03	-9.6960473e-05	6.0801301e-07	-2.1324753e-09	3.2077314e-12	0.0000000e+00
0	0	7	30	3	3.4998674e+03	-4.1637537e+02	2.0582338e+01	-5.5703169e-01	9.1551365e-03	-9.3855029e-05	5.8749708e-07	-2.0572115e-09	3.0899651e-12	0.0000000e+00
0	0	7	31	0	1.6835063e+03	-1.7464464e+02	7.3944645e+00	-1.6880792e-01	2.3429866e-03	-2.0345033e-05	1.0833275e-07	-3.2435823e-10	4.1865749e-13	0.0000000e+00
0	0	7	31	1	1.6888264e+02	-6.7019596e+00	-4.8174089e-01	3.5568293e-02	-8.7188632e-04	1.1105630e-05	-7.8894182e-08	2.9693176e-10	-4.6285057e-13	0.0000000e+00
0	0	7	31	2	1.7933494e+03	-1.8624748e+02	7.9151988e+00	-1.8182884e-01	2.5415574e-03	-2.2238191e-05	1.1936447e-07	-3.6032405e-10	4.6895018e-13	0.0000000e+00
0	0	7	31	3	1.5652045e+03	-1.6048769e+02	6.6913557e+00	-1.4984019e-01	2.0364549e-03	-1.7289061e-05	8.9893568e-08	-2.6255956e-10	3.3031932e-13	0.0000000e+00
0	0	7	32	0	1.8722159e+03	-2.2674261e+02	1.1258941e+01	-3.0323026e-01	4.9642543e-03	-5.0752387e-05	3.1721308e-07	-1.1104452e-09	1.6689314e-12	0.0000000e+00
0	0	7	32	1	1.6697078e+03	-2.0215598e+02	9.9977493e+00	-2.6749969e-01	4.3515065e-03	-4.4224529e-05	2.7492854e-07	-9.5785102e-10	1.4335625e-12	0.0000000e+00
0	0	7	32	2	1.6343124e+03	-1.9744119e+02	9.7381964e+00	-2.5975338e-01	4.2135208e-03	-4.2714400e-05	2.6496562e-07	-9.2147079e-10	1.3770670e-12	0.0000000e+00
0	0	7	32	3	1.6090542e+03	-1.9464661e+02	9.6042118e+00	-2.5624633e-01	4.1587139e-03	-4.2191892e-05	2.6200092e-07	-9.1232660e-10	1.3653761e-12	0.0000000e+00
0	0	7	33	0	1.4174182e+03	-1.6880504e+02	8.1945057e+00	-2.1464130e-01	3.4150640e-03	-3.3924895e-05	2.0605853e-07	-7.0123390e-10	1.0248346e-12	0.0000000e+00
0	0	7	33	1	1.3643185e+03	-1.6266339e+02	7.8955855e+00	-2.0658766e-01	3.2833633e-03	-3.2582724e-05	1.9771527e-07	-6.7225764e-10	9.8171579e-13	0.0000000e+00
0	0	7	33	2	1.5318478e+03	-1.8245087e+02	8.8804779e+00	-2.3369588e-01	3.7357132e-03	-3.7279708e-05	2.2741587e-07	-7.7703027e-10	1.1398714e-12	0.0000000e+00
0	0	7	33	3	2.1230520e+03	-2.5164047e+02	1.2309780e+01	-3.2793918e-01	5.3088013e-03	-5.3638971e-05	3.3110331e-07	-1.1438486e-09	1.6953618e-12	0.0000000e+00
0	0	7	34	0	2.9338403e+03	-3.5463260e+02	1.7774584e+01	-4.8678231e-01	8.0949459e-03	-8.3966450e-05	5.3186807e-07	-1.8850217e-09	2.8663268e-12	0.0000000e+00
0	0	7	34	1	2.8591731e+03	-3.4573563e+02	1.7339352e+01	-4.7543508e-01	7.9238405e-03	-8.2460734e-05	5.2454953e-07	-1.8685300e-09	2.8575595e-12	0.0000000e+00
0	0	7	34	2	2.8213984e+03	-3.4019888e+02	1.6997107e+01	-4.6378645e-01	7.6850709e-03	-7.9444377e-05	5.0162009e-07	-1.7725603e-09	2.6879469e-12	0.0000000e+00
0	0	7	34	3	2.7724202e+03	-3.3354355e+02	1.6623045e+01	-4.5252964e-01	7.4849739e-03	-7.7276818e-05	4.8753014e-07	-1.7218816e-09	2.6101215e-12	0.0000000e+00
0	0	7	35	0	1.9785146e+03	-2.0686494e+02	8.9212456e+00	-2.0944186e-01	2.9920817e-03	-2.6727961e-05	1.4617309e-07	-4.4838627e-10	5.9136463e-13	0.0000000e+00
0	0	7	35	1	2.0461288e+03	-2.1440523e+02	9.2777519e+00	-2.1877888e-01	3.1404372e-03	-2.8194587e-05	1.5499580e-07	-4.7795795e-10	6.3370999e-13	0.0000000e+00
0	0	7	35	2	1.9979432e+03	-2.0907056e+02	9.0284090e+00	-2.1235910e-01	3.0405668e-03	-2.7230697e-05	1.4934537e-07	-4.5952128e-10	6.0802031e-13	0.0000000e+00
0	0	7	35	3	1.9193914e+03	-1.9972147e+02	8.5643749e+00	-1.9981323e-01	2.8369792e-03	-2.5190255e-05	1.3696139e-07	-4.1776899e-10	5.4799508e-13	0.0000000e+00
0	0	7	36	0	2.2800601e+03	-2.7264572e+02	1.3474926e+01	-3.6311942e-01	5.9498730e-03	-6.0893144e-05	3.8103096e-07	-1.3352970e-09	2.0088540e-12	0.0000000e+00
0	0	7	36	1	2.2350945e+03	-2.6653497e+02	1.3124520e+01	-3.5205907e-01	5.7395548e-03	-5.8421945e-05	3.6347296e-07	-1.2661718e-09	1.8931410e-12	0.0000000e+00
0	0	7	36	2	2.1032434e+03	-2.4985130e+02	1.2240012e+01	-3.2634789e-01	5.2897139e-03	-5.3554464e-05	3.3156277e-07	-1.1499589e-09	1.7126758e-12	0.0000000e+00
0	0	7	36	3	2.0555093e+03	-2.4446568e+02	1.1981777e+01	-3.1953305e-01	5.1806630e-03	-5.2465926e-05	3.2491317e-07	-1.1271357e-09	1.6788851e-12	0.0000000e+00
0	0	7	37	0	3.2272744e+03	-3.0251062e+02	1.1775816e+01	-2.5062442e-01	3.2384717e-03	-2.6097823e-05	1.2839935e-07	-3.5331527e-10	4.1691712e-13	0.0000000e+00
0	0	7	37	1	3.2253896e+03	-3.0615021e+02	1.2061036e+01	-2.5960165e-01	3.3886954e-03	-2.7554002e-05	1.3662498e-07	-3.7850012e-10	4.4927153e-13	0.0000000e+00
0	0	7	37	2	2.1739719e+03	-2.0111099e+02	7.6462116e+00	-1.5754646e-01	1.9668252e-03	-1.5298436e-05	7.2638933e-08	-1.9300959e-10	2.2011807e-13	0.0000000e+00
0	0	7	37	3	2.3816006e+03	-2.1829402e+02	8.2458611e+00	-1.6920999e-01	2.1055124e-03	-1.6332915e-05	7.7370814e-08	-2.0514752e-10	2.3348519e-13	0.0000000e+00
0	0	7	38	0	2.3749446e+03	-2.3357671e+02	9.4735594e+00	-2.0936683e-01	2.8108028e-03	-2.3549957e-05	1.2055675e-07	-3.4548883e-10	4.2496378e-13	0.0000000e+00
0	0	7	38	1	2.3901531e+03	-2.3474892e+02	9.5092955e+00	-2.0990576e-01	2.8145448e-03	-2.3550923e-05	1.2040073e-07	-3.4456790e-10	4.2323829e-13	0.0000000e+00
0	0	7	38	2	2.7775366e+03	-2.7459030e+02	1.1249299e+01	-2.5205722e-01	3.4348653e-03	-2.9234972e-05	1.5209534e-07	-4.4298668e-10	5.5368313e-13	0.0000000e+00
0	0	7	38	3	2.5241497e+03	-2.4599629e+02	9.8983641e+00	-2.1713190e-01	2.8918292e-03	-2.4018767e-05	1.2179109e-07	-3.4541311e-10	4.2009774e-13	0.0000000e+00
0	0	7	39	0	1.0068395e+03	-1.1668581e+02	5.4000010e+00	-1.3305029e-01	1.9959833e-03	-1.8775247e-05	1.0856012e-07	-3.5368566e-10	4.9734381e-13	0.0000000e+00
0	0	7	39	1	9.9565399e+02	-1.1549860e+02	5.3466358e+00	-1.3171850e-01	1.9758516e-03	-1.8586752e-05	1.0749324e-07	-3.5035097e-10	4.9294320e-13	0.0000000e+00
0	0	7	39	2	1.0777545e+03	-1.2473286e+02	5.7869821e+00	-1.4338550e-01	2.1638225e-03	-2.0474534e-05	1.1904821e-07	-3.8981457e-10	5.5060595e-13	0.0000000e+00
0	0	7	39	3	6.8593976e+02	-7.9317963e+01	3.5570683e+00	-8.2825117e-02	1.1667459e-03	-1.0263704e-05	5.5402534e-08	-1.6860700e-10	2.2178075e-13	0.0000000e+00
0	0	7	40	0	4.9363162e+02	-5.9636406e+01	2.7652819e+00	-6.5988064e-02	9.5159246e-04	-8.5560787e-06	4.7108674e-08	-1.4587494e-10	1.9473748e-13	0.0000000e+00
0	0	7	40	1	6.7314319e+02	-8.0536514e+01	3.7905014e+00	-9.3665190e-02	1.4023421e-03	-1.3102201e-05	7.4912194e-08	-2.4040686e-10	3.3189773e-13	0.0000000e+00
0	0	7	40	2	5.1323248e+02	-6.1716656e+01	2.8568890e+00	-6.8179235e-02	9.8276814e-04	-8.8258757e-06	4.8490616e-08	-1.4967859e-10	1.9898285e-13	0.0000000e+00
0	0	7	40	3	5.2615430e+02	-6.3485924e+01	2.9553995e+00	-7.1196370e-02	1.0379438e-03	-9.4443094e-06	5.2651252e-08	-1.6508481e-10	2.2311082e-13	0.0000000e+00
0	0	7	41	0	4.9351870e+03	-4.9274261e+02	2.0532557e+01	-4.6992397e-01	6.5371934e-03	-5.6776847e-05	3.0138239e-07	-8.9573560e-10	1.1429351e-12	0.0000000e+00
0	0	7	41	1	4.8484497e+03	-4.8201834e+02	2.0005890e+01	-4.5618623e-01	6.3250968e-03	-5.4767028e-05	2.8987503e-07	-8.5915525e-10	1.0933472e-12	0.0000000e+00
0	0	7	41	2	4.1198984e+03	-4.0580893e+02	1.6643456e+01	-3.7438115e-01	5.1224269e-03	-4.3802218e-05	2.2919116e-07	-6.7230060e-10	8.4768417e-13	0.0000000e+00
0	0	7	41	3	3.8714653e+03	-3.7946973e+02	1.5464766e+01	-3.4531584e-01	4.6890327e-03	-3.9789451e-05	2.0660042e-07	-6.0142508e-10	7.5260777e-13	0.0000000e+00
0	0	7	42	0	1.4303848e+03	-1.9349803e+02	1.0677872e+01	-3.1704807e-01	5.7144188e-03	-6.4358159e-05	4.4400559e-07	-1.7206392e-09	2.8719856e-12	0.0000000e+00
0	0	7	42	1	1.1192566e+03	-1.5237466e+02	8.4114771e+00	-2.4895707e-01	4.4927169e-03	-5.0925297e-05	3.5542874e-07	-1.3998616e-09	2.3831883e-12	0.0000000e+00
0	0	7	42	2	1.4920065e+03	-2.0530519e+02	1.1550228e+01	-3.5049140e-01	6.4611081e-03	-7.4461008e-05	5.2574160e-07	-2.0847095e-09	3.5589606e-12	0.0000000e+00
0	0	7	42	3	1.3883019e+03	-1.9006577e+02	1.0593374e+01	-3.1699660e-01	5.7441988e-03	-6.4859341e-05	4.4729114e-07	-1.7277239e-09	2.8668168e-12	0.0000000e+00
0	0	7	43	0	3.2591648e+03	-3.2699481e+02	1.3626719e+01	-3.1084082e-01	4.3136119e-03	-3.7424659e-05	1.9878000e-07	-5.9226807e-10	7.5900457e-13	0.0000000e+00
0	0	7	43	1	3.3410479e+03	-3.3588727e+02	1.4030843e+01	-3.2091466e-01	4.4648633e-03	-3.8830407e-05	2.0670336e-07	-6.1710137e-10	7.9222479e-13	0.0000000e+00
0	0	7	43	2	3.3542371e+03	-3.3750357e+02	1.4109212e+01	-3.2297724e-01	4.4974317e-03	-3.9148126e-05	2.0857968e-07	-6.2324818e-10	8.0079519e-13	0.0000000e+00
0	0	7	43	3	3.1255620e+03	-3.1262720e+02	1.2969684e+01	-2.9424840e-01	4.0598055e-03	-3.5010613e-05	1.8480161e-07	-5.4710675e-10	6.9655116e-13	0.0000000e+00
0	0	7	44	0	1.6513036e+03	-1.8237617e+02	8.2338686e+00	-2.0128715e-01	2.9901580e-03	-2.7726628e-05	1.5708584e-07	-4.9808585e-10	6.7745131e-13	0.0000000e+00
0	0	7	44	1	1.6680225e+03	-1.8453575e+02	8.3472404e+00	-2.0447248e-01	3.0431054e-03	-2.8263985e-05	1.6035770e-07	-5.0906990e-10	6.9308437e-13	0.0000000e+00
0	0	7	44	2	9.4995789e+02	-1.0377744e+02	4.5280409e+00	-1.0511214e-01	1.4839113e-03	-1.3105835e-05	7.0931911e-08	-2.1555568e-10	2.8172928e-13	0.0000000e+00
0	0	7	44	3	1.5127783e+03	-1.6765779e+02	7.5703073e+00	-1.8473744e-01	2.7394984e-03	-2.5359646e-05	1.4344442e-07	-4.5412490e-10	6.1670216e-13	0.0000000e+00
0	0	7	45	0	2.4867903e+03	-2.7176944e+02	1.2281687e+01	-3.0269969e-01	4.5363456e-03	-4.2479405e-05	2.4338263e-07	-7.8171175e-10	1.0790666e-12	0.0000000e+00
0	0	7	45	1	2.2754480e+03	-2.4506639e+02	1.0867001e+01	-2.6159543e-01	3.8192165e-03	-3.4768284e-05	1.9334655e-07	-6.0211519e-10	8.0536744e-13	0.0000000e+00
0	0	7	45	2	2.5251846e+03	-2.7607327e+02	1.2485019e+01	-3.0799952e-01	4.6199234e-03	-4.3297841e-05	2.4825417e-07	-7.9786455e-10	1.1019600e-12	0.0000000e+00
0	0	7	45	3	2.3946040e+03	-2.6042065e+02	1.1703856e+01	-2.8675336e-01	4.2732372e-03	-3.9805534e-05	2.2695595e-07	-7.2570361e-10	9.9765432e-13	0.0000000e+00
0	0	7	46	0	2.6238745e+03	-3.2708682e+02	1.6874187e+01	-4.7440147e-01	8.0865873e-03	-8.5856140e-05	5.5587077e-07	-2.0109259e-09	3.1170524e-12	0.0000000e+00
0	0	7	46	1	2.6749524e+03	-3.3680725e+02	1.7584162e+01	-5.0132400e-01	8.6770523e-03	-9.3622926e-05	6.1628572e-07	-2.2669968e-09	3.5727465e-12	0.0000000e+00
0	0	7	46	2	2.9315305e+03	-3.7542871e+02	1.9948736e+01	-5.7897842e-01	1.0186334e-02	-1.1152936e-04	7.4368216e-07	-2.7663720e-09	4.4018803e-12	0.0000000e+00
0	0	7	46	3	2.1460703e+03	-2.6742157e+02	1.3746941e+01	-3.8452837e-01	6.5346486e-03	-6.9326110e-05	4.4950875e-07	-1.6318042e-09	2.5423277e-12	0.0000000e+00
0	0	7	47	0	3.4153826e+03	-4.0081696e+02	1.9552122e+01	-5.2203441e-01	8.4611895e-03	-8.5509557e-05	5.2752449e-07	-1.8202638e-09	2.6940926e-12	0.0000000e+00
0	0	7	47	1	2.6762241e+03	-3.1234036e+02	1.5098397e+01	-3.9871594e-01	6.3997936e-03	-6.4129359e-05	3.9269497e-07	-1.3461150e-09	1.9802764e-12	0.0000000e+00
0	0	7	47	2	2.6881812e+03	-3.1367023e+02	1.5159323e+01	-4.0027064e-01	6.4240191e-03	-6.4365595e-05	3.9410236e-07	-1.3507981e-09	1.9869508e-12	0.0000000e+00
0	0	7	47	3	2.6149128e+03	-3.0917590e+02	1.5130416e+01	-4.0448594e-01	6.5713469e-03	-6.6619294e-05	4.1242401e-07	-1.4279790e-09	2.1197523e-12	0.0000000e+00
0	0	7	48	0	1.3102889e+03	-1.5153406e+02	7.1196036e+00	-1.8018873e-01	2.7681082e-03	-2.6520058e-05	1.5514652e-07	-5.0784632e-10	7.1303326e-13	0.0000000e+00
0	0	7	48	1	1.2432568e+03	-1.4412038e+02	6.7741332e+00	-1.7128195e-01	2.6287665e-03	-2.5161791e-05	1.4707018e-07	-4.8100618e-10	6.7478943e-13	0.0000000e+00
0	0	7	48	2	1.3038097e+03	-1.5089130e+02	7.0937686e+00	-1.7967016e-01	2.7628175e-03	-2.6499762e-05	1.5522703e-07	-5.0881216e-10	7.1542165e-13	0.0000000e+00
0	0	7	48	3	1.9542740e+03	-2.2615504e+02	1.0773626e+01	-2.7908206e-01	4.3872995e-03	-4.2965898e-05	2.5650598e-07	-8.5507057e-10	1.2202070e-12	0.0000000e+00
0	0	7	49	0	3.6545703e+03	-4.3214304e+02	2.1263113e+01	-5.7297772e-01	9.3725137e-03	-9.5589588e-05	5.9508056e-07	-2.0718043e-09	3.0934190e-12	0.0000000e+00
0	0	7	49	1	3.1888247e+03	-3.7569031e+02	1.8417395e+01	-4.9494922e-01	8.0942912e-03	-8.2719373e-05	5.1694019e-07	-1.8091402e-09	2.7177000e-12	0.0000000e+00
0	0	7	49	2	3.3897388e+03	-3.9725031e+02	1.9363741e+01	-5.1701826e-01	8.3897738e-03	-8.4992062e-05	5.2619720e-07	-1.8239578e-09	2.7140367e-12	0.0000000e+00
0	0	7	49	3	3.1960447e+03	-3.7843393e+02	1.8614033e+01	-5.0110096e-01	8.1958678e-03	-8.3656007e-05	5.2164921e-07	-1.8204839e-09	2.7262305e-12	0.0000000e+00
0	0	7	50	0	1.1873401e+03	-1.3265376e+02	5.9707084e+00	-1.4425901e-01	2.1192122e-03	-1.9455143e-05	1.0925438e-07	-3.4368819e-10	4.6394594e-13	0.0000000e+00
0	0	7	50	1	1.5248375e+03	-1.6842854e+02	7.5588517e+00	-1.8292721e-01	2.6858791e-03	-2.4591780e-05	1.3748124e-07	-4.2995141e-10	5.7653849e-13	0.0000000e+00
0	0	7	50	2	2.3274868e+03	-2.5157333e+02	1.1230158e+01	-2.7335763e-01	4.0463014e-03	-3.7400685e-05	2.1123998e-07	-6.6762007e-10	9.0491140e-13	0.0000000e+00
0	0	7	50	3	2.2314961e+03	-2.4036728e+02	1.0680923e+01	-2.5860319e-01	3.8073752e-03	-3.5003948e-05	1.9665144e-07	-6.1822886e-10	8.3354954e-13	0.0000000e+00
0	0	7	51	0	2.0723574e+03	-2.7295541e+02	1.4791242e+01	-4.3566024e-01	7.7930009e-03	-8.6999949e-05	5.9358609e-07	-2.2680131e-09	3.7207381e-12	0.0000000e+00
0	0	7	51	1	2.1068542e+03	-2.7741818e+02	1.5033705e+01	-4.4291332e-01	7.9240315e-03	-8.8467801e-05	6.0357053e-07	-2.3058164e-09	3.7818889e-12	0.0000000e+00
0	0	7	51	2	2.1373213e+03	-2.8111517e+02	1.5221337e+01	-4.4815537e-01	8.0125434e-03	-8.9396584e-05	6.0950697e-07	-2.3270128e-09	3.8143477e-12	0.0000000e+00
0	0	7	51	3	2.1501018e+03	-2.8146979e+02	1.5180127e+01	-4.4547626e-01	7.9425927e-03	-8.8407272e-05	6.0152877e-07	-2.2923536e-09	3.7511981e-12	0.0000000e+00
0	0	7	52	0	2.4610168e+03	-2.7552512e+02	1.2756937e+01	-3.2207844e-01	4.9429950e-03	-4.7378009e-05	2.7764813e-07	-9.1136088e-10	1.2845218e-12	0.0000000e+00
0	0	7	52	1	2.4940100e+03	-2.7926654e+02	1.2936890e+01	-3.2687521e-01	5.0206892e-03	-4.8162507e-05	2.8248010e-07	-9.2799424e-10	1.3090690e-12	0.0000000e+00
0	0	7	52	2	2.4076748e+03	-2.6950391e+02	1.2470238e+01	-3.1455579e-01	4.8235944e-03	-4.6200581e-05	2.7058596e-07	-8.8775642e-10	1.2508044e-12	0.0000000e+00
0	0	7	52	3	2.5207812e+03	-2.8112045e+02	1.2977954e+01	-3.2700154e-01	5.0108805e-03	-4.7974114e-05	2.8091233e-07	-9.2156366e-10	1.2984737e-12	0.0000000e+00
0	0	7	53	0	7.8492194e+02	-5.6935020e+01	1.2702430e+00	-6.5717928e-04	-3.7320695e-04	6.3680536e-06	-4.9126555e-08	1.8742385e-10	-2.8686333e-13	0.0000000e+00
0	0	7	53	1	7.1431561e+02	-4.9194149e+01	9.1604441e-01	8.2073724e-03	-5.0639565e-04	7.6026226e-06	-5.6044900e-08	2.0892155e-10	-3.1530407e-13	0.0000000e+00
0	0	7	53	2	5.7839734e+02	-3.4387081e+01	2.3904847e-01	2.5199668e-02	-7.6323911e-04	1.0003629e-05	-6.9639313e-08	2.5166039e-10	-3.7256672e-13	0.0000000e+00
0	0	7	53	3	3.9419354e+02	-1.5352420e+01	-5.6650984e-01	4.3418452e-02	-1.0044490e-03	1.1913888e-05	-7.8411347e-08	2.7263683e-10	-3.9169736e-13	0.0000000e+00
0	0	7	54	0	1.5336335e+03	-1.4121877e+02	5.2402163e+00	-1.0331015e-01	1.2164700e-03	-8.7695453e-06	3.7773699e-08	-8.8642912e-11	8.6119385e-14	0.0000000e+00
0	0	7	54	1	1.5748778e+03	-1.4546019e+02	5.4244757e+00	-1.0772777e-01	1.2803870e-03	-9.3415638e-06	4.0870649e-08	-9.7935382e-11	9.7976260e-14	0.0000000e+00
0	0	7	54	2	1.5596431e+03	-1.4373730e+02	5.3426270e+00	-1.0559776e-01	1.2472216e-03	-9.0249750e-06	3.9057479e-08	-9.2222452e-11	9.0370569e-14	0.0000000e+00
0	0	7	54	3	1.6522839e+03	-1.5267587e+02	5.7153416e+00	-1.1441429e-01	1.3758276e-03	-1.0204325e-05	4.5675232e-08	-1.1295902e-10	1.1813906e-13	0.0000000e+00
0	0	7	55	0	2.2527920e+03	-2.3817065e+02	1.0308847e+01	-2.4101794e-01	3.4086169e-03	-3.0005936e-05	1.6117687e-07	-4.8454701e-10	6.2548312e-13	0.0000000e+00
0	0	7	55	1	1.9530491e+03	-2.0541910e+02	8.7895002e+00	-2.0188184e-01	2.7956991e-03	-2.4021861e-05	1.2555552e-07	-3.6616021e-10	4.5703529e-13	0.0000000e+00
0	0	7	55	2	1.6961271e+03	-1.7461864e+02	7.2551084e+00	-1.6017395e-01	2.1154564e-03	-1.7174147e-05	8.3845130e-08	-2.2513781e-10	2.5382672e-13	0.0000000e+00
0	0	7	55	3	3.7947417e+03	-4.0560364e+02	1.8017179e+01	-4.3790901e-01	6.4642546e-03	-5.9554062e-05	3.3531097e-07	-1.0572542e-09	1.4315750e-12	0.0000000e+00
0	0	7	56	0	3.9378757e+03	-4.0122989e+02	1.6999222e+01	-3.9443639e-01	5.5618957e-03	-4.8970138e-05	2.6357975e-07	-7.9456980e-10	1.0285453e-12	0.0000000e+00
0	0	7	56	1	3.8852686e+03	-3.9564828e+02	1.6745331e+01	-3.8794202e-01	5.4600365e-03	-4.7969490e-05	2.5757532e-07	-7.7445933e-10	9.9975605e-13	0.0000000e+00
0	0	7	56	2	3.8876948e+03	-3.9565128e+02	1.6736761e+01	-3.8759947e-01	5.4538851e-03	-4.7908816e-05	2.5723571e-07	-7.7344825e-10	9.9851551e-13	0.0000000e+00
0	0	7	56	3	3.4222358e+03	-3.4564212e+02	1.4476035e+01	-3.3136702e-01	4.6093864e-03	-4.0044572e-05	2.1276453e-07	-6.3346467e-10	8.1029123e-13	0.0000000e+00
0	0	7	57	0	2.7617883e+03	-2.7511978e+02	1.1330592e+01	-2.5435874e-01	3.4670467e-03	-2.9491597e-05	1.5331624e-07	-4.4636603e-10	5.5804254e-13	0.0000000e+00
0	0	7	57	1	2.7486487e+03	-2.7407788e+02	1.1299010e+01	-2.5393394e-01	3.4656071e-03	-2.9519457e-05	1.5368094e-07	-4.4808993e-10	5.6104307e-13	0.0000000e+00
0	0	7	57	2	2.6758774e+03	-2.6657089e+02	1.0971259e+01	-2.4602866e-01	3.3501300e-03	-2.8470720e-05	1.4788421e-07	-4.3022019e-10	5.3747171e-13	0.0000000e+00
0	0	7	57	3	2.5417043e+03	-2.5174936e+02	1.0286098e+01	-2.2872174e-01	3.0874556e-03	-2.6007987e-05	1.3390431e-07	-3.8614756e-10	4.7823388e-13	0.0000000e+00
0	0	7	58	0	2.0687932e+03	-2.6510205e+02	1.4007584e+01	-4.0282923e-01	7.0379898e-03	-7.6703516e-05	5.1028456e-07	-1.8978241e-09	3.0244715e-12	0.0000000e+00
0	0	7	58	1	1.0659316e+03	-1.3725157e+02	7.1257443e+00	-1.9824558e-01	3.3571243e-03	-3.5575104e-05	2.3098669e-07	-8.4170365e-10	1.3185492e-12	0.0000000e+00
0	0	7	58	2	1.1150446e+03	-1.4339157e+02	7.4503226e+00	-2.0775618e-01	3.5262201e-03	-3.7446189e-05	2.4359088e-07	-8.8903912e-10	1.3945552e-12	0.0000000e+00
0	0	7	58	3	1.6017979e+03	-2.0378012e+02	1.0621425e+01	-3.0006802e-01	5.1575368e-03	-5.5394998e-05	3.6386328e-07	-1.3385524e-09	2.1132206e-12	0.0000000e+00
0	0	7	59	0	5.5325400e+03	-6.2294476e+02	2.9316881e+01	-7.5896537e-01	1.1952143e-02	-1.1760269e-04	7.0775241e-07	-2.3866049e-09	3.4575739e-12	0.0000000e+00
0	0	7	59	1	5.5079648e+03	-6.2057849e+02	2.9221581e+01	-7.5685769e-01	1.1924290e-02	-1.1737973e-04	7.0671865e-07	-2.3841884e-09	3.4557010e-12	0.0000000e+00
0	0	7	59	2	5.5781445e+03	-6.2729321e+02	2.9490995e+01	-7.6282865e-01	1.2004356e-02	-1.1804509e-04	7.1006019e-07	-2.3934232e-09	3.4663706e-12	0.0000000e+00
0	0	7	59	3	5.4897178e+03	-6.1448206e+02	2.8741261e+01	-7.3937905e-01	1.1569786e-02	-1.1311555e-04	6.7641582e-07	-2.2664719e-09	3.2628191e-12	0.0000000e+00
0	0	7	60	0	1.5715326e+03	-1.6245021e+02	6.8655457e+00	-1.5656081e-01	2.1666517e-03	-1.8719562e-05	9.8943623e-08	-2.9329247e-10	3.7379613e-13	0.0000000e+00
0	0	7	60	1	1.4675365e+03	-1.5098207e+02	6.3318882e+00	-1.4284618e-01	1.9534011e-03	-1.6661052e-05	8.6872120e-08	-2.5389521e-10	3.1890200e-13	0.0000000e+00
0	0	7	60	2	1.6788450e+03	-1.7394501e+02	7.3847370e+00	-1.6952038e-01	2.3626520e-03	-2.0562702e-05	1.0949120e-07	-3.2694977e-10	4.1974334e-13	0.0000000e+00
0	0	7	60	3	1.5769860e+03	-1.6250192e+02	6.8408403e+00	-1.5530123e-01	2.1382817e-03	-1.8368368e-05	9.6463687e-08	-2.8390351e-10	3.5899270e-13	0.0000000e+00
0	0	7	61	0	1.7595798e+03	-2.3534619e+02	1.2883383e+01	-3.8180199e-01	6.8734884e-03	-7.7258119e-05	5.3089809e-07	-2.0434765e-09	3.3771519e-12	0.0000000e+00
0	0	7	61	1	1.7391840e+03	-2.3248808e+02	1.2713780e+01	-3.7625057e-01	6.7635663e-03	-7.5908079e-05	5.2083675e-07	-2.0018003e-09	3.3035727e-12	0.0000000e+00
0	0	7	61	2	1.7119572e+03	-2.2910530e+02	1.2534348e+01	-3.7098798e-01	6.6699558e-03	-7.4870142e-05	5.1380869e-07	-1.9751552e-09	3.2601654e-12	0.0000000e+00
0	0	7	61	3	1.5942078e+03	-2.1207024e+02	1.1499851e+01	-3.3659372e-01	5.9819738e-03	-6.6362001e-05	4.5007641e-07	-1.7100094e-09	2.7899605e-12	0.0000000e+00
0	0	7	62	0	1.7936884e+03	-1.8898383e+02	8.0577545e+00	-1.8305102e-01	2.4866178e-03	-2.0735375e-05	1.0370970e-07	-2.8402672e-10	3.2414235e-13	0.0000000e+00
0	0	7	62	1	2.0641677e+03	-2.2097519e+02	9.6549625e+00	-2.2707585e-01	3.2210071e-03	-2.8345523e-05	1.5166016e-07	-4.5234907e-10	5.7668188e-13	0.0000000e+00
0	0	7	62	2	1.4748901e+03	-1.5014337e+02	6.0712090e+00	-1.2725407e-01	1.5427060e-03	-1.0858587e-05	4.1104308e-08	-6.3641543e-11	-6.5537561e-15	0.0000000e+00
0	0	7	62	3	2.5151179e+03	-2.7018988e+02	1.1934564e+01	-2.8586981e-01	4.1457107e-03	-3.7438953e-05	2.0632633e-07	-6.3623473e-10	8.4198458e-13	0.0000000e+00
0	0	7	63	0	1.9192235e+03	-2.3160759e+02	1.1504767e+01	-3.1050998e-01	5.0894837e-03	-5.2056032e-05	3.2530704e-07	-1.1379451e-09	1.7082159e-12	0.0000000e+00
0	0	7	63	1	1.9576489e+03	-2.3645108e+02	1.1761799e+01	-3.1801280e-01	5.2215513e-03	-5.3495471e-05	3.3481757e-07	-1.1728549e-09	1.7628467e-12	0.0000000e+00
0	0	7	63	2	1.9201984e+03	-2.3167154e+02	1.1506935e+01	-3.1059873e-01	5.0921207e-03	-5.2100557e-05	3.2571708e-07	-1.1398748e-09	1.7118566e-12	0.0000000e+00
0	0	7	63	3	1.9654349e+03	-2.3638515e+02	1.1709218e+01	-3.1531987e-01	5.1574465e-03	-5.2647283e-05	3.2839748e-07	-1.1467914e-09	1.7187910e-12	0.0000000e+00
