# portID	slaveID	chipID	channelID	tacID	branch	t0	a0	a1	a2
0	0	6	0	0	T	7.0565753e-02	1.3498453e+02	1.5812222e+02	-1.0000019e-02
0	0	6	0	0	E	5.4465041e-02	1.3341550e+02	1.6427284e+02	-1.0000044e-02
0	0	6	0	1	T	7.2099261e-02	1.2728815e+02	1.5760536e+02	-1.0000031e-02
0	0	6	0	1	E	5.1077589e-02	1.3199358e+02	1.6321806e+02	-1.0000642e-02
0	0	6	0	2	T	7.2063021e-02	1.2618424e+02	1.5783833e+02	-9.9999998e-03
0	0	6	0	2	E	5.3419814e-02	1.3250859e+02	1.6341684e+02	-1.0000172e-02
0	0	6	0	3	T	6.6583209e-02	1.2486864e+02	1.5782028e+02	-1.0000121e-02
0	0	6	0	3	E	4.4905409e-02	1.2890376e+02	1.6343546e+02	-1.0000035e-02
0	0	6	1	0	T	7.2024874e-02	1.3864101e+02	1.5778613e+02	-9.9999998e-03
0	0	6	1	0	E	5.4770216e-02	1.2794515e+02	1.5952057e+02	-1.0000017e-02
0	0	6	1	1	T	7.1981005e-02	1.2955568e+02	1.5730244e+02	-1.0000001e-02
0	0	6	1	1	E	5.4823622e-02	1.2979280e+02	1.5979205e+02	-1.0000532e-02
0	0	6	1	2	T	7.2106890e-02	1.2908781e+02	1.5764330e+02	-1.0000370e-02
0	0	6	1	2	E	5.4602370e-02	1.2920177e+02	1.6003722e+02	-1.0000042e-02
0	0	6	1	3	T	4.5201831e-02	1.2427903e+02	1.5726117e+02	-1.0000272e-02
0	0	6	1	3	E	4.1548476e-02	1.2612627e+02	1.5994646e+02	-1.0000085e-02
0	0	6	2	0	T	7.1498446e-02	1.3722116e+02	1.6369733e+02	-9.9999998e-03
0	0	6	2	0	E	4.5958266e-02	1.2430924e+02	1.5314052e+02	-1.0000002e-02
0	0	6	2	1	T	7.2049670e-02	1.2648989e+02	1.6305258e+02	-9.9999998e-03
0	0	6	2	1	E	5.4922804e-02	1.2260001e+02	1.5418391e+02	-1.0000227e-02
0	0	6	2	2	T	7.1736865e-02	1.2613598e+02	1.6309624e+02	-1.0000017e-02
0	0	6	2	2	E	5.1565871e-02	1.2543492e+02	1.5363487e+02	-1.0000002e-02
0	0	6	2	3	T	5.8270983e-02	1.2514738e+02	1.6361888e+02	-1.0000004e-02
0	0	6	2	3	E	5.4785475e-02	1.2519196e+02	1.5362115e+02	-1.0000003e-02
0	0	6	3	0	T	7.1651034e-02	1.3359421e+02	1.5532864e+02	-1.0000331e-02
0	0	6	3	0	E	3.4964308e-02	1.2536436e+02	1.5594383e+02	-1.0000322e-02
0	0	6	3	1	T	5.5095248e-02	1.2278220e+02	1.5467007e+02	-1.0000001e-02
0	0	6	3	1	E	5.4449782e-02	1.2475387e+02	1.5690245e+02	-1.0001229e-02
0	0	6	3	2	T	7.2043948e-02	1.2251201e+02	1.5506522e+02	-9.9999998e-03
0	0	6	3	2	E	5.3236708e-02	1.2862592e+02	1.5628906e+02	-1.0000009e-02
0	0	6	3	3	T	6.3565783e-02	1.2231323e+02	1.5456192e+02	-1.0000047e-02
0	0	6	3	3	E	4.5622572e-02	1.2419568e+02	1.5623825e+02	-1.0000119e-02
0	0	6	4	0	T	5.0124697e-02	1.2816249e+02	1.5538411e+02	-1.0000076e-02
0	0	6	4	0	E	5.5632338e-02	1.2479015e+02	1.5428397e+02	-9.9999998e-03
0	0	6	4	1	T	6.9236331e-02	1.1995454e+02	1.5476706e+02	-1.0000187e-02
0	0	6	4	1	E	5.4281935e-02	1.2708131e+02	1.5384097e+02	-1.0000017e-02
0	0	6	4	2	T	6.9512896e-02	1.2123457e+02	1.5532578e+02	-1.0000076e-02
0	0	6	4	2	E	4.9498305e-02	1.2374577e+02	1.5484384e+02	-1.0000098e-02
0	0	6	4	3	T	7.2383456e-02	1.2233308e+02	1.5530051e+02	-1.0000210e-02
0	0	6	4	3	E	5.5212721e-02	1.2366406e+02	1.5395396e+02	-1.0000026e-02
0	0	6	5	0	T	7.1948580e-02	1.3873242e+02	1.5600233e+02	-9.9999998e-03
0	0	6	5	0	E	5.4594740e-02	1.3191631e+02	1.5954716e+02	-1.0000037e-02
0	0	6	5	1	T	7.1073107e-02	1.2693070e+02	1.5535773e+02	-1.0000019e-02
0	0	6	5	1	E	5.2702650e-02	1.3174797e+02	1.5974370e+02	-1.0000004e-02
0	0	6	5	2	T	7.1527056e-02	1.2496552e+02	1.5468550e+02	-9.9999998e-03
0	0	6	5	2	E	5.4854140e-02	1.3100067e+02	1.5969211e+02	-1.0000220e-02
0	0	6	5	3	T	7.1067385e-02	1.2453062e+02	1.5474762e+02	-1.0000003e-02
0	0	6	5	3	E	5.4503188e-02	1.3153690e+02	1.6049274e+02	-1.0000320e-02
0	0	6	6	0	T	4.1478686e-02	1.3766830e+02	1.5898270e+02	-1.0000001e-02
0	0	6	6	0	E	4.9185500e-02	1.2370835e+02	1.5724695e+02	-1.0000105e-02
0	0	6	6	1	T	7.2055392e-02	1.3185229e+02	1.5997325e+02	-1.0000070e-02
0	0	6	6	1	E	5.3648695e-02	1.2462710e+02	1.5708476e+02	-1.0000155e-02
0	0	6	6	2	T	7.1181826e-02	1.3285950e+02	1.5900490e+02	-1.0000017e-02
0	0	6	6	2	E	5.3717360e-02	1.2507611e+02	1.5707802e+02	-1.0000071e-02
0	0	6	6	3	T	7.1614794e-02	1.3041386e+02	1.6014833e+02	-1.0000001e-02
0	0	6	6	3	E	4.5965895e-02	1.2343567e+02	1.5596710e+02	-1.0000295e-02
0	0	6	7	0	T	2.9647402e-02	1.3479373e+02	1.5651794e+02	-9.9999998e-03
0	0	6	7	0	E	4.7957167e-02	1.1897021e+02	1.4989265e+02	-1.0000055e-02
0	0	6	7	1	T	3.5234027e-02	1.2534062e+02	1.5630620e+02	-1.0000275e-02
0	0	6	7	1	E	4.8521742e-02	1.1999292e+02	1.4975429e+02	-1.0000199e-02
0	0	6	7	2	T	1.7837100e-02	1.2202939e+02	1.5638280e+02	-1.0000024e-02
0	0	6	7	2	E	4.9338087e-02	1.1877808e+02	1.4994533e+02	-9.9999998e-03
0	0	6	7	3	T	2.3038439e-02	1.1979782e+02	1.5681252e+02	-1.0000001e-02
0	0	6	7	3	E	4.9582228e-02	1.1948246e+02	1.4953491e+02	-1.0000001e-02
0	0	6	8	0	T	3.9886050e-02	1.3839394e+02	1.6366731e+02	-1.0000214e-02
0	0	6	8	0	E	4.8620924e-02	1.2157269e+02	1.5738995e+02	-1.0000022e-02
0	0	6	8	1	T	6.6060595e-02	1.3234673e+02	1.6387720e+02	-9.9999998e-03
0	0	6	8	1	E	4.7606215e-02	1.2263689e+02	1.5703709e+02	-1.0000724e-02
0	0	6	8	2	T	6.5900378e-02	1.3298863e+02	1.6353949e+02	-1.0000038e-02
0	0	6	8	2	E	3.6970839e-02	1.2273860e+02	1.5667473e+02	-1.0000003e-02
0	0	6	8	3	T	6.6005282e-02	1.3264799e+02	1.6308272e+02	-1.0000010e-02
0	0	6	8	3	E	3.6871657e-02	1.2133426e+02	1.5667139e+02	-1.0000067e-02
0	0	6	9	0	T	4.0305667e-02	1.3755025e+02	1.6447720e+02	-1.0000125e-02
0	0	6	9	0	E	5.5960402e-02	1.1851721e+02	1.4730641e+02	-1.0000017e-02
0	0	6	9	1	T	6.3931994e-02	1.3352983e+02	1.6371373e+02	-1.0000046e-02
0	0	6	9	1	E	5.5281386e-02	1.2025442e+02	1.4689088e+02	-1.0000135e-02
0	0	6	9	2	T	3.5893969e-02	1.2872595e+02	1.6322647e+02	-1.0000001e-02
0	0	6	9	2	E	5.4220900e-02	1.2094990e+02	1.4731358e+02	-1.0001972e-02
0	0	6	9	3	T	7.0310168e-02	1.3328543e+02	1.6285706e+02	-1.0000105e-02
0	0	6	9	3	E	5.4716811e-02	1.1891302e+02	1.4757835e+02	-1.0000089e-02
0	0	6	10	0	T	6.9095187e-02	1.3887227e+02	1.6435213e+02	-1.0000397e-02
0	0	6	10	0	E	5.2405104e-02	1.2716638e+02	1.5233200e+02	-1.0000458e-02
0	0	6	10	1	T	7.1021609e-02	1.3253127e+02	1.6313878e+02	-1.0000001e-02
0	0	6	10	1	E	5.5006728e-02	1.2560944e+02	1.5214120e+02	-1.0000033e-02
0	0	6	10	2	T	7.0468478e-02	1.2757948e+02	1.6306300e+02	-1.0000013e-02
0	0	6	10	2	E	5.5319533e-02	1.2531451e+02	1.5154150e+02	-1.0000180e-02
0	0	6	10	3	T	6.9577746e-02	1.2970399e+02	1.6385010e+02	-1.0000014e-02
0	0	6	10	3	E	5.5235609e-02	1.2627736e+02	1.5204063e+02	-1.0000038e-02
0	0	6	11	0	T	5.7914309e-02	1.3491071e+02	1.6253864e+02	-9.9999998e-03
0	0	6	11	0	E	5.4602370e-02	1.3380634e+02	1.6323019e+02	-1.0000001e-02
0	0	6	11	1	T	7.1488909e-02	1.2573830e+02	1.6291415e+02	-1.0000014e-02
0	0	6	11	1	E	5.1420912e-02	1.3087291e+02	1.6256934e+02	-1.0001676e-02
0	0	6	11	2	T	7.1410708e-02	1.2692687e+02	1.6285843e+02	-1.0000001e-02
0	0	6	11	2	E	4.7659621e-02	1.3096365e+02	1.6381700e+02	-1.0000001e-02
0	0	6	11	3	T	4.9043231e-02	1.2155570e+02	1.6253654e+02	-9.9999998e-03
0	0	6	11	3	E	5.4396376e-02	1.3174789e+02	1.6325037e+02	-1.0000110e-02
0	0	6	12	0	T	7.1406893e-02	1.4227502e+02	1.6808972e+02	-1.0000001e-02
0	0	6	12	0	E	3.9282545e-02	1.2342529e+02	1.4926620e+02	-1.0000004e-02
0	0	6	12	1	T	7.1925692e-02	1.3205060e+02	1.6818349e+02	-1.0000003e-02
0	0	6	12	1	E	3.6978468e-02	1.2239053e+02	1.4995270e+02	-1.0000023e-02
0	0	6	12	2	T	7.1757846e-02	1.3166257e+02	1.6727431e+02	-1.0000002e-02
0	0	6	12	2	E	3.6658034e-02	1.2183149e+02	1.4920465e+02	-1.0000013e-02
0	0	6	12	3	T	7.1200900e-02	1.2851320e+02	1.6703986e+02	-1.0000055e-02
0	0	6	12	3	E	5.4564223e-02	1.2356223e+02	1.4992165e+02	-1.0000006e-02
0	0	6	13	0	T	7.7218585e-02	1.4034218e+02	1.6267232e+02	-1.0000467e-02
0	0	6	13	0	E	5.2649245e-02	1.1930550e+02	1.5757314e+02	-1.0000003e-02
0	0	6	13	1	T	7.2276644e-02	1.2884645e+02	1.6156607e+02	-1.0000038e-02
0	0	6	13	1	E	3.7306532e-02	1.1544694e+02	1.5666336e+02	-1.0000006e-02
0	0	6	13	2	T	7.4464373e-02	1.2707854e+02	1.6213719e+02	-9.9999998e-03
0	0	6	13	2	E	5.2389845e-02	1.1849472e+02	1.5668480e+02	-1.0000001e-02
0	0	6	13	3	T	7.8242831e-02	1.2728905e+02	1.6283290e+02	-1.0000077e-02
0	0	6	13	3	E	6.1194167e-02	1.2149225e+02	1.5703706e+02	-1.0000037e-02
0	0	6	14	0	T	7.1725421e-02	1.3264362e+02	1.5367986e+02	-1.0000123e-02
0	0	6	14	0	E	5.1054701e-02	1.2577879e+02	1.5685638e+02	-1.0000002e-02
0	0	6	14	1	T	6.8797641e-02	1.2258244e+02	1.5288695e+02	-1.0000007e-02
0	0	6	14	1	E	6.1041579e-02	1.2867110e+02	1.5548969e+02	-1.0000027e-02
0	0	6	14	2	T	6.2455706e-02	1.2120906e+02	1.5354192e+02	-1.0000002e-02
0	0	6	14	2	E	6.0919508e-02	1.2644752e+02	1.5583148e+02	-1.0000027e-02
0	0	6	14	3	T	7.0199542e-02	1.2403148e+02	1.5306137e+02	-1.0000198e-02
0	0	6	14	3	E	4.9887404e-02	1.2601463e+02	1.5567307e+02	-1.0000335e-02
0	0	6	15	0	T	7.0186190e-02	1.3093826e+02	1.6524924e+02	-1.0000176e-02
0	0	6	15	0	E	5.5380568e-02	1.2740820e+02	1.6229260e+02	-1.0000195e-02
0	0	6	15	1	T	7.1446948e-02	1.2444635e+02	1.6455907e+02	-1.0000009e-02
0	0	6	15	1	E	5.5090651e-02	1.3052917e+02	1.6095934e+02	-1.0000172e-02
0	0	6	15	2	T	5.7364993e-02	1.1908215e+02	1.6409116e+02	-1.0000086e-02
0	0	6	15	2	E	5.4869398e-02	1.2976689e+02	1.6164536e+02	-1.0001929e-02
0	0	6	15	3	T	6.0636096e-02	1.2091001e+02	1.6463097e+02	-1.0000001e-02
0	0	6	15	3	E	5.4877028e-02	1.2883832e+02	1.6138585e+02	-9.9999998e-03
0	0	6	16	0	T	6.4206652e-02	1.3115358e+02	1.5963928e+02	-1.0000217e-02
0	0	6	16	0	E	4.6293959e-02	1.2440222e+02	1.5349889e+02	-1.0000319e-02
0	0	6	16	1	T	8.7804370e-02	1.2758549e+02	1.5960196e+02	-1.0000061e-02
0	0	6	16	1	E	5.8432326e-02	1.2612606e+02	1.5334106e+02	-1.0000002e-02
0	0	6	16	2	T	8.4039263e-02	1.2467150e+02	1.5906416e+02	-1.0000257e-02
0	0	6	16	2	E	6.6710219e-02	1.2484029e+02	1.5330626e+02	-1.0000004e-02
0	0	6	16	3	T	8.3821826e-02	1.2539707e+02	1.5939020e+02	-1.0000170e-02
0	0	6	16	3	E	7.1470961e-02	1.2380717e+02	1.5357613e+02	-9.9999998e-03
0	0	6	17	0	T	6.7956500e-02	1.3321405e+02	1.5929051e+02	-1.0000074e-02
0	0	6	17	0	E	5.8851942e-02	1.1523487e+02	1.5128230e+02	-1.0000010e-02
0	0	6	17	1	T	7.5076632e-02	1.2191856e+02	1.5966817e+02	-9.9999998e-03
0	0	6	17	1	E	6.0293898e-02	1.1777894e+02	1.5115526e+02	-1.0000003e-02
0	0	6	17	2	T	6.1650805e-02	1.2047144e+02	1.5949551e+02	-1.0000178e-02
0	0	6	17	2	E	5.6883559e-02	1.1667503e+02	1.5121266e+02	-1.0000465e-02
0	0	6	17	3	T	7.8193240e-02	1.2319135e+02	1.5891168e+02	-1.0000056e-02
0	0	6	17	3	E	4.9307570e-02	1.1669447e+02	1.5068398e+02	-1.0000297e-02
0	0	6	18	0	T	7.6919131e-02	1.3466432e+02	1.5905835e+02	-1.0000001e-02
0	0	6	18	0	E	5.9927687e-02	1.2493330e+02	1.5846283e+02	-1.0000027e-02
0	0	6	18	1	T	6.1435275e-02	1.2177425e+02	1.5976479e+02	-1.0000027e-02
0	0	6	18	1	E	6.1003432e-02	1.2453506e+02	1.5787088e+02	-1.0000008e-02
0	0	6	18	2	T	5.4477267e-02	1.2121985e+02	1.5977731e+02	-1.0000016e-02
0	0	6	18	2	E	6.1003432e-02	1.2433701e+02	1.5797403e+02	-1.0000001e-02
0	0	6	18	3	T	5.5537753e-02	1.2308807e+02	1.5951715e+02	-1.0000008e-02
0	0	6	18	3	E	6.0751662e-02	1.2425838e+02	1.5801875e+02	-9.9999998e-03
0	0	6	19	0	T	7.1807437e-02	1.3694301e+02	1.6142650e+02	-1.0000006e-02
0	0	6	19	0	E	4.9849257e-02	1.3023865e+02	1.5719380e+02	-1.0000375e-02
0	0	6	19	1	T	7.1599536e-02	1.2419351e+02	1.6165639e+02	-9.9999998e-03
0	0	6	19	1	E	5.4854140e-02	1.3018826e+02	1.5766261e+02	-1.0000033e-02
0	0	6	19	2	T	7.1694903e-02	1.2791763e+02	1.6083723e+02	-1.0000001e-02
0	0	6	19	2	E	5.4877028e-02	1.3004433e+02	1.5782321e+02	-9.9999998e-03
0	0	6	19	3	T	7.1475558e-02	1.2546353e+02	1.6132234e+02	-1.0000063e-02
0	0	6	19	3	E	5.1756606e-02	1.2806496e+02	1.5742049e+02	-1.0000095e-02
0	0	6	20	0	T	8.3406024e-02	1.2937563e+02	1.5803638e+02	-1.0000001e-02
0	0	6	20	0	E	6.7015395e-02	1.2560896e+02	1.5810049e+02	-1.0000183e-02
0	0	6	20	1	T	5.6945376e-02	1.1583324e+02	1.5775110e+02	-1.0000005e-02
0	0	6	20	1	E	6.5069899e-02	1.2574402e+02	1.5804483e+02	-1.0000119e-02
0	0	6	20	2	T	5.6767993e-02	1.1388931e+02	1.5765025e+02	-1.0000139e-02
0	0	6	20	2	E	5.5746779e-02	1.2146370e+02	1.5815787e+02	-1.0000001e-02
0	0	6	20	3	T	7.6741748e-02	1.1809475e+02	1.5739897e+02	-1.0000135e-02
0	0	6	20	3	E	6.6603407e-02	1.2298860e+02	1.5766724e+02	-1.0000001e-02
0	0	6	21	0	T	9.0167575e-02	1.3675639e+02	1.6417918e+02	-1.0000014e-02
0	0	6	21	0	E	7.2569594e-02	1.2925301e+02	1.5971539e+02	-1.0000109e-02
0	0	6	21	1	T	8.0369525e-02	1.2329744e+02	1.6366185e+02	-1.0000001e-02
0	0	6	21	1	E	7.2455153e-02	1.2774976e+02	1.5943675e+02	-1.0000285e-02
0	0	6	21	2	T	9.0102725e-02	1.2562058e+02	1.6302284e+02	-1.0000002e-02
0	0	6	21	2	E	7.2859511e-02	1.2896028e+02	1.5936630e+02	-1.0000017e-02
0	0	6	21	3	T	9.0009265e-02	1.2610661e+02	1.6338153e+02	-1.0000038e-02
0	0	6	21	3	E	7.2668776e-02	1.3018559e+02	1.5976489e+02	-1.0000392e-02
0	0	6	22	0	T	7.8137927e-02	1.2906772e+02	1.5471286e+02	-9.9999998e-03
0	0	6	22	0	E	4.5271620e-02	1.2740675e+02	1.5846745e+02	-1.0000098e-02
0	0	6	22	1	T	5.4622225e-02	1.1736855e+02	1.5445148e+02	-1.0000004e-02
0	0	6	22	1	E	6.0332045e-02	1.2791909e+02	1.5862415e+02	-1.0000014e-02
0	0	6	22	2	T	7.8065448e-02	1.2178783e+02	1.5411275e+02	-1.0000001e-02
0	0	6	22	2	E	6.7282423e-02	1.2824857e+02	1.5850992e+02	-3.0317786e-01
0	0	6	22	3	T	7.8424029e-02	1.1944588e+02	1.5443256e+02	-1.0000001e-02
0	0	6	22	3	E	6.1423048e-02	1.2745157e+02	1.5791196e+02	-1.0000003e-02
0	0	6	23	0	T	8.8098101e-02	1.3958325e+02	1.6372174e+02	-1.0000009e-02
0	0	6	23	0	E	6.8846449e-02	1.2707943e+02	1.5576314e+02	-1.0000002e-02
0	0	6	23	1	T	9.0554766e-02	1.3053860e+02	1.6373230e+02	-1.0000002e-02
0	0	6	23	1	E	7.1989760e-02	1.2468180e+02	1.5524614e+02	-1.0000007e-02
0	0	6	23	2	T	6.6026263e-02	1.2656493e+02	1.6360146e+02	-1.0000013e-02
0	0	6	23	2	E	7.3157057e-02	1.2315073e+02	1.5512839e+02	-1.0000001e-02
0	0	6	23	3	T	9.0560488e-02	1.2954523e+02	1.6264008e+02	-1.0000005e-02
0	0	6	23	3	E	7.0563063e-02	1.2226075e+02	1.5532428e+02	-9.9999998e-03
0	0	6	24	0	T	7.0397906e-02	1.4432080e+02	1.6202554e+02	-1.0000006e-02
0	0	6	24	0	E	6.6519484e-02	1.2427714e+02	1.4957033e+02	-1.0000026e-02
0	0	6	24	1	T	5.9587054e-02	1.3024193e+02	1.6135352e+02	-1.0000043e-02
0	0	6	24	1	E	7.2912917e-02	1.2364153e+02	1.4916649e+02	-9.9999998e-03
0	0	6	24	2	T	5.9482150e-02	1.3084569e+02	1.6191504e+02	-1.0000001e-02
0	0	6	24	2	E	7.2104201e-02	1.2530486e+02	1.4843330e+02	-1.0000116e-02
0	0	6	24	3	T	5.1850848e-02	1.2927448e+02	1.6211540e+02	-1.0000154e-02
0	0	6	24	3	E	7.3134169e-02	1.2669654e+02	1.4834500e+02	-1.0000010e-02
0	0	6	25	0	T	6.7254595e-02	1.4026518e+02	1.6562871e+02	-1.0000018e-02
0	0	6	25	0	E	4.9444899e-02	1.2777129e+02	1.5651421e+02	-1.0000010e-02
0	0	6	25	1	T	6.6590838e-02	1.2849667e+02	1.6486595e+02	-1.0000001e-02
0	0	6	25	1	E	4.9261793e-02	1.3119263e+02	1.5644777e+02	-1.0000009e-02
0	0	6	25	2	T	7.0600085e-02	1.2996901e+02	1.6546733e+02	-1.0000004e-02
0	0	6	25	2	E	5.5235609e-02	1.2760249e+02	1.5624547e+02	-1.0000001e-02
0	0	6	25	3	T	7.1589999e-02	1.3086589e+02	1.6520947e+02	-9.9999998e-03
0	0	6	25	3	E	3.9580092e-02	1.2701870e+02	1.5597150e+02	-1.0000001e-02
0	0	6	26	0	T	7.2354846e-02	1.3357890e+02	1.5661595e+02	-1.0000024e-02
0	0	6	26	0	E	5.0642714e-02	1.3294847e+02	1.6214763e+02	-9.9999998e-03
0	0	6	26	1	T	6.0773425e-02	1.2482990e+02	1.5720724e+02	-1.0000013e-02
0	0	6	26	1	E	5.1901564e-02	1.3164139e+02	1.6180986e+02	-1.0001148e-02
0	0	6	26	2	T	6.8698458e-02	1.2360171e+02	1.5669885e+02	-1.0000004e-02
0	0	6	26	2	E	5.5357680e-02	1.3267021e+02	1.6179024e+02	-1.0000004e-02
0	0	6	26	3	T	6.9333605e-02	1.2475829e+02	1.5690526e+02	-1.0000008e-02
0	0	6	26	3	E	5.5388197e-02	1.3377165e+02	1.6125227e+02	-1.0000838e-02
0	0	6	27	0	T	7.0214801e-02	1.3806555e+02	1.7081311e+02	-1.0000003e-02
0	0	6	27	0	E	5.3145155e-02	1.3024173e+02	1.6194911e+02	-1.0000008e-02
0	0	6	27	1	T	7.1052127e-02	1.2881314e+02	1.7022484e+02	-1.0000004e-02
0	0	6	27	1	E	5.4892287e-02	1.3170869e+02	1.6210686e+02	-1.0000434e-02
0	0	6	27	2	T	4.1194491e-02	1.2349863e+02	1.7064062e+02	-1.0000003e-02
0	0	6	27	2	E	6.1201796e-02	1.3189145e+02	1.6155115e+02	-1.0000464e-02
0	0	6	27	3	T	4.9541049e-02	1.2536167e+02	1.6940309e+02	-1.0000001e-02
0	0	6	27	3	E	5.4083571e-02	1.3240256e+02	1.6176448e+02	-1.0000790e-02
0	0	6	28	0	T	6.2570147e-02	1.3454865e+02	1.6201039e+02	-1.0000006e-02
0	0	6	28	0	E	6.1102614e-02	1.2509518e+02	1.5743066e+02	-1.0000002e-02
0	0	6	28	1	T	7.8031115e-02	1.2570008e+02	1.6117384e+02	-1.0000020e-02
0	0	6	28	1	E	5.6563124e-02	1.2413850e+02	1.5696799e+02	-1.0000263e-02
0	0	6	28	2	T	7.9145007e-02	1.2803287e+02	1.6144623e+02	-9.9999998e-03
0	0	6	28	2	E	5.8783278e-02	1.2433802e+02	1.5751277e+02	-1.0000001e-02
0	0	6	28	3	T	7.8164630e-02	1.2671914e+02	1.6091327e+02	-1.0000001e-02
0	0	6	28	3	E	5.8920607e-02	1.2323388e+02	1.5673524e+02	-1.0000001e-02
0	0	6	29	0	T	7.7201419e-02	1.3180927e+02	1.5446951e+02	-1.0000095e-02
0	0	6	29	0	E	4.1838393e-02	1.3018353e+02	1.7104951e+02	-9.9999998e-03
0	0	6	29	1	T	7.8481250e-02	1.2264123e+02	1.5376106e+02	-9.9999998e-03
0	0	6	29	1	E	5.3984389e-02	1.3469197e+02	1.6985558e+02	-1.0000007e-02
0	0	6	29	2	T	7.0178561e-02	1.2227030e+02	1.5351180e+02	-1.0000518e-02
0	0	6	29	2	E	4.1670546e-02	1.3225743e+02	1.6944876e+02	-1.0001776e-02
0	0	6	29	3	T	7.5225405e-02	1.2055062e+02	1.5456157e+02	-1.0000001e-02
0	0	6	29	3	E	6.0759291e-02	1.3638109e+02	1.6939818e+02	-1.0000003e-02
0	0	6	30	0	T	7.5351290e-02	1.3489140e+02	1.6056892e+02	-9.9999998e-03
0	0	6	30	0	E	6.1857924e-02	1.1752670e+02	1.4602481e+02	-1.0000005e-02
0	0	6	30	1	T	7.3575549e-02	1.2397630e+02	1.6124966e+02	-9.9999998e-03
0	0	6	30	1	E	5.4098830e-02	1.1741521e+02	1.4531883e+02	-1.0000423e-02
0	0	6	30	2	T	7.8364901e-02	1.2506727e+02	1.5981143e+02	-1.0000002e-02
0	0	6	30	2	E	6.1339125e-02	1.1610953e+02	1.4566342e+02	-1.0000001e-02
0	0	6	30	3	T	7.8506045e-02	1.2505892e+02	1.6092058e+02	-1.0000040e-02
0	0	6	30	3	E	6.1529860e-02	1.1724813e+02	1.4679367e+02	-1.0000346e-02
0	0	6	31	0	T	7.5349383e-02	1.4065031e+02	1.6286566e+02	-9.9999998e-03
0	0	6	31	0	E	4.6255812e-02	1.2600310e+02	1.6024762e+02	-1.0000255e-02
0	0	6	31	1	T	7.7762179e-02	1.2781117e+02	1.6231259e+02	-1.0000003e-02
0	0	6	31	1	E	6.0614333e-02	1.2621266e+02	1.6111743e+02	-1.0000078e-02
0	0	6	31	2	T	7.1790271e-02	1.2706022e+02	1.6247054e+02	-1.0000001e-02
0	0	6	31	2	E	5.4480299e-02	1.2683173e+02	1.5987340e+02	-1.0000020e-02
0	0	6	31	3	T	7.2127871e-02	1.2911433e+02	1.6207526e+02	-9.9999998e-03
0	0	6	31	3	E	5.4510817e-02	1.2526509e+02	1.6034505e+02	-1.0000005e-02
0	0	6	32	0	T	7.7897601e-02	1.3925174e+02	1.6533708e+02	-9.9999998e-03
0	0	6	32	0	E	6.0240492e-02	1.4066707e+02	1.6851250e+02	-1.0000012e-02
0	0	6	32	1	T	7.8105502e-02	1.2852274e+02	1.6478088e+02	-1.0000001e-02
0	0	6	32	1	E	4.3562636e-02	1.3574327e+02	1.6734445e+02	-1.0000149e-02
0	0	6	32	2	T	7.7800326e-02	1.2848512e+02	1.6416064e+02	-1.0000001e-02
0	0	6	32	2	E	6.0835585e-02	1.4185832e+02	1.6670767e+02	-9.9999998e-03
0	0	6	32	3	T	5.2251391e-02	1.2410844e+02	1.6596916e+02	-1.0000004e-02
0	0	6	32	3	E	3.9030775e-02	1.3603203e+02	1.6711288e+02	-1.0000520e-02
0	0	6	33	0	T	7.7224307e-02	1.4554977e+02	1.6784587e+02	-9.9999998e-03
0	0	6	33	0	E	3.7558302e-02	1.3054407e+02	1.6015523e+02	-1.0001353e-02
0	0	6	33	1	T	7.5891070e-02	1.3412598e+02	1.6691403e+02	-1.0000002e-02
0	0	6	33	1	E	5.1291212e-02	1.3001506e+02	1.6101627e+02	-1.0000026e-02
0	0	6	33	2	T	4.9956851e-02	1.2839038e+02	1.6626848e+02	-1.0000001e-02
0	0	6	33	2	E	6.0965285e-02	1.2894426e+02	1.6073476e+02	-1.0000004e-02
0	0	6	33	3	T	6.8400912e-02	1.3064008e+02	1.6702129e+02	-1.0000130e-02
0	0	6	33	3	E	5.7722792e-02	1.3111366e+02	1.5986716e+02	-1.0000005e-02
0	0	6	34	0	T	-7.3757596e-02	1.3665852e+02	1.5909294e+02	-1.0000043e-02
0	0	6	34	0	E	-5.3162828e-02	1.2678175e+02	1.6163574e+02	-1.0000662e-02
0	0	6	34	1	T	-7.3778577e-02	1.2738760e+02	1.5896838e+02	-1.0000002e-02
0	0	6	34	1	E	-4.1886583e-02	1.2865839e+02	1.6100777e+02	-1.0000170e-02
0	0	6	34	2	T	-7.3223539e-02	1.2432916e+02	1.5903110e+02	-1.0000314e-02
0	0	6	34	2	E	-4.1917101e-02	1.2656510e+02	1.6144977e+02	-1.0000118e-02
0	0	6	34	3	T	-7.3580213e-02	1.2539320e+02	1.5968852e+02	-1.0000153e-02
0	0	6	34	3	E	-4.1856065e-02	1.2941872e+02	1.6136803e+02	-1.0000013e-02
0	0	6	35	0	T	-8.6626478e-02	1.3715034e+02	1.6118503e+02	-1.0000010e-02
0	0	6	35	0	E	-5.4322496e-02	1.3096040e+02	1.5637959e+02	-9.9999998e-03
0	0	6	35	1	T	-7.6975293e-02	1.2955888e+02	1.6156282e+02	-9.9999998e-03
0	0	6	35	1	E	-5.4894701e-02	1.2795406e+02	1.5700705e+02	-1.0000123e-02
0	0	6	35	2	T	-8.6199231e-02	1.2532053e+02	1.6183879e+02	-9.9999998e-03
0	0	6	35	2	E	-5.4703966e-02	1.2988394e+02	1.5663608e+02	-1.0000017e-02
0	0	6	35	3	T	-7.9401441e-02	1.2734237e+02	1.6152444e+02	-1.0000115e-02
0	0	6	35	3	E	-7.1244493e-02	1.2649106e+02	1.5662502e+02	-1.0000037e-02
0	0	6	36	0	T	-7.9407163e-02	1.3443681e+02	1.6868434e+02	-2.9654148e+00
0	0	6	36	0	E	-4.8257127e-02	1.3763882e+02	1.6634511e+02	-1.0000227e-02
0	0	6	36	1	T	-7.7131696e-02	1.2619204e+02	1.6249948e+02	-1.0000002e-02
0	0	6	36	1	E	-4.8669115e-02	1.3731581e+02	1.6625272e+02	-1.0000773e-02
0	0	6	36	2	T	-7.9357572e-02	1.2551083e+02	1.6255286e+02	-1.0000011e-02
0	0	6	36	2	E	-5.0782457e-02	1.3563544e+02	1.6609007e+02	-1.0000003e-02
0	0	6	36	3	T	-7.9367109e-02	1.2579190e+02	1.6253351e+02	-1.0000014e-02
0	0	6	36	3	E	-4.7608629e-02	1.3611658e+02	1.6610783e+02	-1.0000343e-02
0	0	6	37	0	T	-7.3574491e-02	1.3525124e+02	1.5664832e+02	-1.0000031e-02
0	0	6	37	0	E	-5.4131761e-02	1.3145311e+02	1.5833257e+02	-1.0000013e-02
0	0	6	37	1	T	-7.3677488e-02	1.2464706e+02	1.5718181e+02	-1.0000003e-02
0	0	6	37	1	E	-5.3979173e-02	1.3119440e+02	1.5772023e+02	-1.0000249e-02
0	0	6	37	2	T	-7.4022718e-02	1.2319937e+02	1.5643422e+02	-1.0000001e-02
0	0	6	37	2	E	-5.4177538e-02	1.2826413e+02	1.5841895e+02	-1.0000008e-02
0	0	6	37	3	T	-7.7242322e-02	1.2532793e+02	1.5650880e+02	-1.0000431e-02
0	0	6	37	3	E	-4.7822252e-02	1.3227399e+02	1.5808733e+02	-9.9999998e-03
0	0	6	38	0	T	-7.3749967e-02	1.3668336e+02	1.5620511e+02	-1.0000036e-02
0	0	6	38	0	E	-5.5871263e-02	1.2069815e+02	1.4674020e+02	-1.0000029e-02
0	0	6	38	1	T	-7.3301740e-02	1.2563486e+02	1.5517920e+02	-1.0000017e-02
0	0	6	38	1	E	-5.4322496e-02	1.2052378e+02	1.4690181e+02	-1.0000157e-02
0	0	6	38	2	T	-7.4175306e-02	1.2716803e+02	1.5448538e+02	-1.0000003e-02
0	0	6	38	2	E	-4.9638048e-02	1.2112822e+02	1.4691974e+02	-1.0000129e-02
0	0	6	38	3	T	-7.3868223e-02	1.2736805e+02	1.5593295e+02	-1.0000022e-02
0	0	6	38	3	E	-5.5535570e-02	1.2188356e+02	1.4649640e+02	-1.0000796e-02
0	0	6	39	0	T	-7.4289747e-02	1.4363866e+02	1.6390910e+02	-9.9999998e-03
0	0	6	39	0	E	-5.6214586e-02	1.3282617e+02	1.6534943e+02	-1.0000010e-02
0	0	6	39	1	T	-9.2522092e-02	1.3181689e+02	1.6406764e+02	-1.0000039e-02
0	0	6	39	1	E	-5.3941026e-02	1.3309779e+02	1.6560504e+02	-1.0000018e-02
0	0	6	39	2	T	-7.4217267e-02	1.3262889e+02	1.6236636e+02	-1.0000068e-02
0	0	6	39	2	E	-5.4581895e-02	1.2923251e+02	1.6623087e+02	-9.9999998e-03
0	0	6	39	3	T	-7.4518628e-02	1.3349948e+02	1.6401299e+02	-1.0000004e-02
0	0	6	39	3	E	-5.4269090e-02	1.3068665e+02	1.6594807e+02	-1.0000007e-02
0	0	6	40	0	T	-3.7661023e-02	1.3602222e+02	1.5451323e+02	-1.0000080e-02
0	0	6	40	0	E	-5.6130663e-02	1.3117245e+02	1.5935135e+02	-9.9999998e-03
0	0	6	40	1	T	-6.1325498e-02	1.2242405e+02	1.5413976e+02	-1.0000004e-02
0	0	6	40	1	E	-8.4656969e-02	1.2610749e+02	1.5909399e+02	-1.0000005e-02
0	0	6	40	2	T	-6.2109418e-02	1.2240497e+02	1.5388043e+02	-1.0000027e-02
0	0	6	40	2	E	-5.4475084e-02	1.2897476e+02	1.5926289e+02	-1.0000053e-02
0	0	6	40	3	T	-5.6154676e-02	1.2469809e+02	1.5373956e+02	-1.0000002e-02
0	0	6	40	3	E	-8.4565416e-02	1.2621999e+02	1.5956560e+02	-1.0000003e-02
0	0	6	41	0	T	-8.6262174e-02	1.4316133e+02	1.6599208e+02	-9.9999998e-03
0	0	6	41	0	E	-4.3732896e-02	1.2763780e+02	1.5630397e+02	-1.0000199e-02
0	0	6	41	1	T	-7.8756757e-02	1.3396107e+02	1.6653548e+02	-1.0000004e-02
0	0	6	41	1	E	-6.2615648e-02	1.2645283e+02	1.5441916e+02	-1.0000073e-02
0	0	6	41	2	T	-8.5249372e-02	1.3095638e+02	1.6567638e+02	-1.0000001e-02
0	0	6	41	2	E	-4.2306200e-02	1.2751992e+02	1.5502451e+02	-1.0000031e-02
0	0	6	41	3	T	-7.4335523e-02	1.3162959e+02	1.6662222e+02	-1.0000001e-02
0	0	6	41	3	E	-4.2145982e-02	1.2540604e+02	1.5600192e+02	-1.0000002e-02
0	0	6	42	0	T	-7.4047513e-02	1.3539308e+02	1.5376025e+02	-9.9999998e-03
0	0	6	42	0	E	-5.3979173e-02	1.2370065e+02	1.5524260e+02	-1.0000002e-02
0	0	6	42	1	T	-7.4781843e-02	1.2656086e+02	1.5340535e+02	-1.0000139e-02
0	0	6	42	1	E	-5.4223314e-02	1.2295673e+02	1.5425632e+02	-1.0000291e-02
0	0	6	42	2	T	-7.3835798e-02	1.2451393e+02	1.5340794e+02	-1.0000005e-02
0	0	6	42	2	E	-5.4688707e-02	1.2213369e+02	1.5452057e+02	-9.9999998e-03
0	0	6	42	3	T	-7.3587842e-02	1.2524619e+02	1.5413785e+02	-1.0000178e-02
0	0	6	42	3	E	-6.0776964e-02	1.2211295e+02	1.5474118e+02	-1.0000013e-02
0	0	6	43	0	T	-4.2849012e-02	1.3871863e+02	1.5303773e+02	-1.0000001e-02
0	0	6	43	0	E	-6.0166612e-02	1.2693107e+02	1.5686417e+02	-1.0000012e-02
0	0	6	43	1	T	-5.2462049e-02	1.2690392e+02	1.5284518e+02	-1.0000001e-02
0	0	6	43	1	E	-5.9350267e-02	1.2839185e+02	1.5681717e+02	-9.9999998e-03
0	0	6	43	2	T	-4.2738385e-02	1.2560538e+02	1.5326257e+02	-9.9999998e-03
0	0	6	43	2	E	-5.9983507e-02	1.2323931e+02	1.5748001e+02	-1.0000048e-02
0	0	6	43	3	T	-4.2833753e-02	1.2643922e+02	1.5223317e+02	-1.0000010e-02
0	0	6	43	3	E	-6.7704454e-02	1.2275840e+02	1.5735818e+02	-1.0000008e-02
0	0	6	44	0	T	-7.3988385e-02	1.3416536e+02	1.5323964e+02	-1.0000015e-02
0	0	6	44	0	E	-4.8302904e-02	1.2423721e+02	1.5211327e+02	-1.0000375e-02
0	0	6	44	1	T	-7.3463865e-02	1.2411365e+02	1.5349318e+02	-1.0000004e-02
0	0	6	44	1	E	-5.6702867e-02	1.2449432e+02	1.5100911e+02	-1.0000060e-02
0	0	6	44	2	T	-7.3425718e-02	1.2463260e+02	1.5304178e+02	-1.0000001e-02
0	0	6	44	2	E	-4.9882188e-02	1.2517986e+02	1.5052528e+02	-1.0000004e-02
0	0	6	44	3	T	-7.3549695e-02	1.2665671e+02	1.5348601e+02	-1.0001536e-02
0	0	6	44	3	E	-5.0996080e-02	1.2475999e+02	1.5017043e+02	-9.9999998e-03
0	0	6	45	0	T	-7.3688932e-02	1.3236452e+02	1.5222095e+02	-1.0000021e-02
0	0	6	45	0	E	-4.8104540e-02	1.2454400e+02	1.5668629e+02	-1.0000001e-02
0	0	6	45	1	T	-7.3814817e-02	1.2192060e+02	1.5157130e+02	-1.0000003e-02
0	0	6	45	1	E	-4.8386827e-02	1.2843999e+02	1.5646336e+02	-1.0000006e-02
0	0	6	45	2	T	-9.7664304e-02	1.1770836e+02	1.5220053e+02	-1.0000001e-02
0	0	6	45	2	E	-7.9484239e-02	1.2368723e+02	1.5590013e+02	-1.0000817e-02
0	0	6	45	3	T	-7.3927350e-02	1.2167731e+02	1.5214162e+02	-1.0000028e-02
0	0	6	45	3	E	-4.8135057e-02	1.2668684e+02	1.5630264e+02	-1.0000075e-02
0	0	6	46	0	T	-6.7499585e-02	1.5319153e+02	1.7047652e+02	-1.0000001e-02
0	0	6	46	0	E	-5.3658739e-02	1.3090453e+02	1.6092023e+02	-1.0000110e-02
0	0	6	46	1	T	-6.7280240e-02	1.4122392e+02	1.7114229e+02	-1.0000001e-02
0	0	6	46	1	E	-5.4101244e-02	1.2718835e+02	1.6037871e+02	-9.9999998e-03
0	0	6	46	2	T	-6.7518659e-02	1.4368587e+02	1.7033521e+02	-1.0000003e-02
0	0	6	46	2	E	-5.4353014e-02	1.2750239e+02	1.6128001e+02	-1.0000006e-02
0	0	6	46	3	T	-7.9595990e-02	1.4035965e+02	1.7072733e+02	-1.0000012e-02
0	0	6	46	3	E	-5.4345384e-02	1.2967096e+02	1.6102158e+02	-1.0000104e-02
0	0	6	47	0	T	-3.7502714e-02	1.3646805e+02	1.5514903e+02	-1.0000132e-02
0	0	6	47	0	E	-5.4642931e-02	1.3251259e+02	1.5905682e+02	-1.0000404e-02
0	0	6	47	1	T	-3.7699170e-02	1.2962817e+02	1.5474532e+02	-1.0000004e-02
0	0	6	47	1	E	-8.4145799e-02	1.2890248e+02	1.5845552e+02	-1.0000302e-02
0	0	6	47	2	T	-3.8256116e-02	1.2630807e+02	1.5428406e+02	-1.0000004e-02
0	0	6	47	2	E	-5.5146471e-02	1.3175240e+02	1.5781676e+02	-1.0000264e-02
0	0	6	47	3	T	-6.6097684e-02	1.2075636e+02	1.5425563e+02	-1.0000680e-02
0	0	6	47	3	E	-5.6847826e-02	1.3120883e+02	1.5892163e+02	-1.0000001e-02
0	0	6	48	0	T	-6.7198224e-02	1.3354501e+02	1.5847087e+02	-1.0000037e-02
0	0	6	48	0	E	-4.1436449e-02	1.2584633e+02	1.5215254e+02	-1.0000022e-02
0	0	6	48	1	T	-6.1947294e-02	1.2539041e+02	1.5867500e+02	-1.0000085e-02
0	0	6	48	1	E	-4.1642442e-02	1.2463769e+02	1.5157668e+02	-1.0000022e-02
0	0	6	48	2	T	-6.1857648e-02	1.2843181e+02	1.5837209e+02	-1.0000004e-02
0	0	6	48	2	E	-4.1611925e-02	1.2186945e+02	1.5223193e+02	-1.0000030e-02
0	0	6	48	3	T	-6.1249204e-02	1.2594699e+02	1.5831134e+02	-9.9999998e-03
0	0	6	48	3	E	-4.2046800e-02	1.2470647e+02	1.5297638e+02	-2.4460720e-01
0	0	6	49	0	T	-6.7593046e-02	1.3454396e+02	1.5920036e+02	-1.0000084e-02
0	0	6	49	0	E	-4.2954698e-02	1.2880203e+02	1.6121747e+02	-1.0000107e-02
0	0	6	49	1	T	-6.4691968e-02	1.2526517e+02	1.5818129e+02	-1.0000017e-02
0	0	6	49	1	E	-4.1306749e-02	1.2988255e+02	1.6014792e+02	-1.0000564e-02
0	0	6	49	2	T	-6.1169095e-02	1.2627888e+02	1.5841576e+02	-1.0000011e-02
0	0	6	49	2	E	-4.2260423e-02	1.3014938e+02	1.6041135e+02	-5.5398375e-02
0	0	6	49	3	T	-6.1397977e-02	1.2579422e+02	1.5824135e+02	-1.0000002e-02
0	0	6	49	3	E	-4.1596666e-02	1.2927132e+02	1.6082150e+02	-1.0000285e-02
0	0	6	50	0	T	-6.1668821e-02	1.3409805e+02	1.5479485e+02	-1.0000001e-02
0	0	6	50	0	E	-5.5764452e-02	1.2785303e+02	1.6034381e+02	-1.0000013e-02
0	0	6	50	1	T	-6.1689802e-02	1.2508729e+02	1.5489995e+02	-1.0000272e-02
0	0	6	50	1	E	-4.8562303e-02	1.3011621e+02	1.6066888e+02	-1.0000025e-02
0	0	6	50	2	T	-6.4999051e-02	1.2413261e+02	1.5435986e+02	-1.0000004e-02
0	0	6	50	2	E	-4.7982469e-02	1.2907718e+02	1.5921175e+02	-1.0000075e-02
0	0	6	50	3	T	-6.1039396e-02	1.2376055e+02	1.5453641e+02	-1.0000003e-02
0	0	6	50	3	E	-4.9577013e-02	1.2873198e+02	1.5998177e+02	-1.0000005e-02
0	0	6	51	0	T	-1.8837589e-01	1.3714645e+02	1.5979279e+02	-1.0437384e+00
0	0	6	51	0	E	-1.3927580e-01	1.3139224e+02	1.5742519e+02	-1.0000038e-02
0	0	6	51	1	T	-1.8851894e-01	1.2423538e+02	1.5860031e+02	-5.3542048e-01
0	0	6	51	1	E	-1.3873412e-01	1.2989020e+02	1.5718541e+02	-1.0000424e-02
0	0	6	51	2	T	-1.8854564e-01	1.2517965e+02	1.5952983e+02	-7.6616746e-01
0	0	6	51	2	E	-1.3916899e-01	1.2860223e+02	1.5767194e+02	-9.9999998e-03
0	0	6	51	3	T	-2.0038074e-01	1.2350290e+02	1.5933890e+02	-7.0706761e-01
0	0	6	51	3	E	-1.5121581e-01	1.2759244e+02	1.5674847e+02	-1.0000111e-02
0	0	6	52	0	T	-1.8874592e-01	1.4328828e+02	1.6862738e+02	-1.6446820e+00
0	0	6	52	0	E	-1.3942839e-01	1.2074382e+02	1.5089207e+02	-1.0000018e-02
0	0	6	52	1	T	-1.8895572e-01	1.3026968e+02	1.7002441e+02	-2.2986553e+00
0	0	6	52	1	E	-1.3906981e-01	1.1924187e+02	1.5068874e+02	-1.0000144e-02
0	0	6	52	2	T	-1.8856281e-01	1.3220381e+02	1.6868689e+02	-1.6552783e+00
0	0	6	52	2	E	-1.3932921e-01	1.2017732e+02	1.4987958e+02	-1.0000004e-02
0	0	6	52	3	T	-1.9114727e-01	1.3082671e+02	1.6788571e+02	-1.5063506e+00
0	0	6	52	3	E	-1.3921477e-01	1.2184916e+02	1.5043275e+02	-1.0000836e-02
0	0	6	53	0	T	-1.1545414e-01	1.3994089e+02	1.5881035e+02	-1.0000315e-02
0	0	6	53	0	E	-8.4046617e-02	1.1808736e+02	1.5135750e+02	-1.0000136e-02
0	0	6	53	1	T	-1.2746471e-01	1.2588556e+02	1.5934024e+02	-1.0000001e-02
0	0	6	53	1	E	-8.1055894e-02	1.1971260e+02	1.5120070e+02	-1.0000264e-02
0	0	6	53	2	T	-1.1524052e-01	1.2772715e+02	1.5843613e+02	-1.0000144e-02
0	0	6	53	2	E	-7.8583971e-02	1.1969936e+02	1.5146411e+02	-1.0000329e-02
0	0	6	53	3	T	-1.2781376e-01	1.2202986e+02	1.5904195e+02	-1.0000001e-02
0	0	6	53	3	E	-8.7014452e-02	1.1908766e+02	1.5127235e+02	-1.0000053e-02
0	0	6	54	0	T	-1.1010212e-01	1.4165694e+02	1.5577104e+02	-1.0000098e-02
0	0	6	54	0	E	-9.5322862e-02	1.2955154e+02	1.6491408e+02	-1.0000001e-02
0	0	6	54	1	T	-1.1032719e-01	1.3113463e+02	1.5569597e+02	-1.0002327e-02
0	0	6	54	1	E	-9.4781175e-02	1.2727460e+02	1.6565941e+02	-1.0000004e-02
0	0	6	54	2	T	-1.1004872e-01	1.3103902e+02	1.5556558e+02	-1.3887781e-02
0	0	6	54	2	E	-9.6650377e-02	1.2883624e+02	1.6583351e+02	-9.9999998e-03
0	0	6	54	3	T	-1.0984082e-01	1.3122388e+02	1.5619417e+02	-1.0000741e-02
0	0	6	54	3	E	-8.0987230e-02	1.2992424e+02	1.6554059e+02	-1.0000047e-02
0	0	6	55	0	T	-1.1506505e-01	1.3953850e+02	1.5452596e+02	-1.0000016e-02
0	0	6	55	0	E	-7.8126207e-02	1.2387063e+02	1.6191966e+02	-1.0000124e-02
0	0	6	55	1	T	-1.2705082e-01	1.2635083e+02	1.5470949e+02	-1.0000074e-02
0	0	6	55	1	E	-7.7813402e-02	1.2266203e+02	1.6139517e+02	-1.0000348e-02
0	0	6	55	2	T	-1.1583180e-01	1.2823047e+02	1.5415579e+02	-1.0000307e-02
0	0	6	55	2	E	-7.8286424e-02	1.2474761e+02	1.6184250e+02	-1.0000090e-02
0	0	6	55	3	T	-1.2236065e-01	1.2463938e+02	1.5538698e+02	-1.0000002e-02
0	0	6	55	3	E	-7.8515306e-02	1.2258701e+02	1.6138667e+02	-9.9999998e-03
0	0	6	56	0	T	-1.2189717e-01	1.3809474e+02	1.5899582e+02	-1.0000383e-02
0	0	6	56	0	E	-9.1004625e-02	1.2331729e+02	1.5702026e+02	-1.0000153e-02
0	0	6	56	1	T	-1.2235302e-01	1.3111746e+02	1.5823277e+02	-1.0000071e-02
0	0	6	56	1	E	-9.0539232e-02	1.2318223e+02	1.5635954e+02	-9.9999998e-03
0	0	6	56	2	T	-1.2299199e-01	1.3067981e+02	1.5863731e+02	-1.0001566e-02
0	0	6	56	2	E	-9.0867296e-02	1.2297395e+02	1.5561113e+02	-1.0000020e-02
0	0	6	56	3	T	-1.3421482e-01	1.2588513e+02	1.5819049e+02	-1.0000004e-02
0	0	6	56	3	E	-9.1294542e-02	1.2401667e+02	1.5590883e+02	-1.0000731e-02
0	0	6	57	0	T	-1.3379902e-01	1.3877940e+02	1.5737843e+02	-1.0000001e-02
0	0	6	57	0	E	-1.1418273e-01	1.2875925e+02	1.6644119e+02	-9.9999998e-03
0	0	6	57	1	T	-1.4042515e-01	1.2841267e+02	1.5685509e+02	-1.0000002e-02
0	0	6	57	1	E	-9.7893968e-02	1.2846703e+02	1.6559885e+02	-1.0000006e-02
0	0	6	57	2	T	-1.5201038e-01	1.2363177e+02	1.5646515e+02	-1.0000466e-02
0	0	6	57	2	E	-9.7382799e-02	1.2928467e+02	1.6616705e+02	-1.0000035e-02
0	0	6	57	3	T	-1.5011066e-01	1.2588587e+02	1.5697945e+02	-1.0000001e-02
0	0	6	57	3	E	-9.6551195e-02	1.2798344e+02	1.6603796e+02	-1.0000023e-02
0	0	6	58	0	T	-1.1488385e-01	1.4556606e+02	1.6489142e+02	-1.0000007e-02
0	0	6	58	0	E	-1.0408904e-01	1.2646154e+02	1.5658102e+02	-1.0000096e-02
0	0	6	58	1	T	-1.2813038e-01	1.2880162e+02	1.6455679e+02	-1.0000005e-02
0	0	6	58	1	E	-7.8347459e-02	1.2980342e+02	1.5595221e+02	-1.0000680e-02
0	0	6	58	2	T	-1.1602826e-01	1.3265039e+02	1.6409387e+02	-1.0000264e-02
0	0	6	58	2	E	-7.8408495e-02	1.2827678e+02	1.5793080e+02	-6.5662718e-01
0	0	6	58	3	T	-1.1503262e-01	1.2974873e+02	1.6503319e+02	-1.0000036e-02
0	0	6	58	3	E	-7.8110948e-02	1.3005185e+02	1.5645491e+02	-1.0000009e-02
0	0	6	59	0	T	-1.2185521e-01	1.3147495e+02	1.5762195e+02	-1.0000039e-02
0	0	6	59	0	E	-7.8606859e-02	1.3182321e+02	1.5321077e+02	-1.0000005e-02
0	0	6	59	1	T	-1.2749141e-01	1.1955240e+02	1.5771686e+02	-1.0000001e-02
0	0	6	59	1	E	-7.9545274e-02	1.3102490e+02	1.5291321e+02	-1.0001092e-02
0	0	6	59	2	T	-1.2191243e-01	1.1971102e+02	1.5799226e+02	-1.0000004e-02
0	0	6	59	2	E	-8.0140367e-02	1.3036443e+02	1.5243649e+02	-1.0000001e-02
0	0	6	59	3	T	-1.2163968e-01	1.2043280e+02	1.5734698e+02	-1.0000040e-02
0	0	6	59	3	E	-7.8294054e-02	1.2912659e+02	1.5327975e+02	-1.0000008e-02
0	0	6	60	0	T	-1.0324330e-01	1.3549184e+02	1.5479890e+02	-1.0000085e-02
0	0	6	60	0	E	-6.6041246e-02	1.3498958e+02	1.6670842e+02	-1.0000046e-02
0	0	6	60	1	T	-1.0353131e-01	1.2700130e+02	1.5443457e+02	-1.0000078e-02
0	0	6	60	1	E	-6.6956773e-02	1.3272787e+02	1.6662642e+02	-1.0000001e-02
0	0	6	60	2	T	-1.0938115e-01	1.2421441e+02	1.5465831e+02	-1.0000003e-02
0	0	6	60	2	E	-6.6354051e-02	1.3264899e+02	1.6642390e+02	-1.0000300e-02
0	0	6	60	3	T	-1.0347218e-01	1.2540212e+02	1.5487924e+02	-1.0000142e-02
0	0	6	60	3	E	-6.6811815e-02	1.3349754e+02	1.6696989e+02	-1.0000207e-02
0	0	6	61	0	T	-9.1459699e-02	1.3774268e+02	1.5766632e+02	-1.0000002e-02
0	0	6	61	0	E	-8.0575243e-02	1.2253073e+02	1.6286247e+02	-1.0000514e-02
0	0	6	61	1	T	-9.1976590e-02	1.2958502e+02	1.5634676e+02	-1.0000022e-02
0	0	6	61	1	E	-5.4551378e-02	1.2770849e+02	1.6250409e+02	-1.0000002e-02
0	0	6	61	2	T	-9.1606565e-02	1.2677018e+02	1.5692136e+02	-1.0000630e-02
0	0	6	61	2	E	-8.4702745e-02	1.2206552e+02	1.6272839e+02	-1.0029719e-02
0	0	6	61	3	T	-1.0276646e-01	1.2450174e+02	1.5740166e+02	-1.0000004e-02
0	0	6	61	3	E	-7.9774156e-02	1.2482169e+02	1.6221606e+02	-1.0000077e-02
0	0	6	62	0	T	-5.0447889e-02	1.4298206e+02	1.5703893e+02	-1.0000014e-02
0	0	6	62	0	E	-6.6254869e-02	1.2690628e+02	1.5162885e+02	-1.0000001e-02
0	0	6	62	1	T	-7.4129529e-02	1.2931857e+02	1.5581857e+02	-1.0000001e-02
0	0	6	62	1	E	-6.6430345e-02	1.2711139e+02	1.5144884e+02	-1.0000001e-02
0	0	6	62	2	T	-7.3227353e-02	1.2754848e+02	1.5654829e+02	-1.0000286e-02
0	0	6	62	2	E	-7.6333299e-02	1.2373893e+02	1.5144237e+02	-1.0000127e-02
0	0	6	62	3	T	-7.3757596e-02	1.2972971e+02	1.5603220e+02	-1.0000014e-02
0	0	6	62	3	E	-6.6727892e-02	1.2672657e+02	1.5193846e+02	-1.0000043e-02
0	0	6	63	0	T	-8.4843107e-02	1.3405385e+02	1.5817926e+02	-1.0000007e-02
0	0	6	63	0	E	-6.7971483e-02	1.2697147e+02	1.5942754e+02	-1.0000065e-02
0	0	6	63	1	T	-7.9491086e-02	1.2503839e+02	1.5833063e+02	-1.0000114e-02
0	0	6	63	1	E	-8.4450975e-02	1.2528217e+02	1.5830959e+02	-1.0000003e-02
0	0	6	63	2	T	-9.2192121e-02	1.2161077e+02	1.5787244e+02	-1.0000002e-02
0	0	6	63	2	E	-6.8078294e-02	1.2658455e+02	1.5851616e+02	-1.0000104e-02
0	0	6	63	3	T	-9.4433255e-02	1.1887973e+02	1.5923235e+02	-1.0000093e-02
0	0	6	63	3	E	-7.3350206e-02	1.2612980e+02	1.5876663e+02	-1.0000492e-02
0	0	7	0	0	T	7.2093539e-02	1.3532176e+02	1.5600510e+02	-1.0000085e-02
0	0	7	0	0	E	5.4426894e-02	1.3373265e+02	1.6561539e+02	-1.7617428e+00
0	0	7	0	1	T	7.2541766e-02	1.2592648e+02	1.5629330e+02	-1.0000190e-02
0	0	7	0	1	E	6.1102614e-02	1.3807985e+02	1.6577237e+02	-2.0008252e+00
0	0	7	0	2	T	5.3584628e-02	1.2008807e+02	1.5515906e+02	-1.0000001e-02
0	0	7	0	2	E	5.4983839e-02	1.3606694e+02	1.6539096e+02	-1.8304631e+00
0	0	7	0	3	T	5.4372363e-02	1.2202915e+02	1.5589366e+02	-1.0000005e-02
0	0	7	0	3	E	5.3190932e-02	1.3361987e+02	1.6565797e+02	-1.4089630e+00
0	0	7	1	0	T	9.6711688e-02	1.3329695e+02	1.4913461e+02	-3.8246829e-02
0	0	7	1	0	E	5.7493910e-02	1.3319402e+02	1.6705949e+02	-4.5296526e+00
0	0	7	1	1	T	8.9671664e-02	1.2461352e+02	1.4890352e+02	-1.0000008e-02
0	0	7	1	1	E	3.5399184e-02	1.3124947e+02	1.6894138e+02	-5.5138040e+00
0	0	7	1	2	T	8.5645251e-02	1.2597511e+02	1.4951213e+02	-1.0000705e-02
0	0	7	1	2	E	6.0354933e-02	1.3358206e+02	1.6695335e+02	-4.5159745e+00
0	0	7	1	3	T	9.6498065e-02	1.2500572e+02	1.4902489e+02	-1.0000001e-02
0	0	7	1	3	E	6.0759291e-02	1.3466827e+02	1.6900056e+02	-5.6682873e+00
0	0	7	2	0	T	7.2183184e-02	1.4024107e+02	1.5911732e+02	-1.0000031e-02
0	0	7	2	0	E	5.3320631e-02	1.2330310e+02	1.5713983e+02	-2.7222846e+00
0	0	7	2	1	T	8.4233813e-02	1.3272052e+02	1.5897632e+02	-1.0000026e-02
0	0	7	2	1	E	3.8702711e-02	1.2069920e+02	1.5585233e+02	-2.1000686e+00
0	0	7	2	2	T	5.8555178e-02	1.3044734e+02	1.5904143e+02	-1.0000023e-02
0	0	7	2	2	E	4.8353896e-02	1.2127235e+02	1.5461607e+02	-1.7181045e+00
0	0	7	2	3	T	5.4008059e-02	1.2749506e+02	1.5903548e+02	-1.0000002e-02
0	0	7	2	3	E	5.4579481e-02	1.2227256e+02	1.5548526e+02	-2.1006184e+00
0	0	7	3	0	T	6.8954043e-02	1.4371823e+02	1.7334393e+02	-6.1639743e+00
0	0	7	3	0	E	5.9912428e-02	1.3084242e+02	1.6272948e+02	-2.4017560e+00
0	0	7	3	1	T	5.6378894e-02	1.3212686e+02	1.7323965e+02	-5.6631536e+00
0	0	7	3	1	E	6.0255751e-02	1.3540205e+02	1.5906851e+02	-1.0001260e-02
0	0	7	3	2	T	7.7634387e-02	1.3410818e+02	1.6974631e+02	-4.0779228e+00
0	0	7	3	2	E	6.0927138e-02	1.3514290e+02	1.5850380e+02	-1.0000153e-02
0	0	7	3	3	T	7.4983172e-02	1.3475104e+02	1.7286127e+02	-5.7066259e+00
0	0	7	3	3	E	5.7738051e-02	1.3356914e+02	1.5797823e+02	-1.0000424e-02
0	0	7	4	0	T	7.2770648e-02	1.3429677e+02	1.5257736e+02	-9.9999998e-03
0	0	7	4	0	E	5.3930983e-02	1.3145274e+02	1.5759215e+02	-3.0367446e+00
0	0	7	4	1	T	6.0189776e-02	1.2571604e+02	1.5185332e+02	-1.0000002e-02
0	0	7	4	1	E	5.4663405e-02	1.3246567e+02	1.5798218e+02	-2.9443986e+00
0	0	7	4	2	T	7.2959475e-02	1.2421507e+02	1.5324693e+02	-1.0000324e-02
0	0	7	4	2	E	5.5189833e-02	1.3246713e+02	1.5790010e+02	-2.9081392e+00
0	0	7	4	3	T	6.9890551e-02	1.2501900e+02	1.5309843e+02	-1.0000098e-02
0	0	7	4	3	E	5.3541884e-02	1.3231215e+02	1.5980321e+02	-3.7324901e+00
0	0	7	5	0	T	7.2022967e-02	1.4733267e+02	1.6229301e+02	-1.2731071e-01
0	0	7	5	0	E	5.4884657e-02	1.3196625e+02	1.6031033e+02	-1.0000150e-02
0	0	7	5	1	T	5.1044039e-02	1.3441623e+02	1.6139275e+02	-1.0000001e-02
0	0	7	5	1	E	5.4831252e-02	1.3354716e+02	1.6119655e+02	-1.0000076e-02
0	0	7	5	2	T	7.7466540e-02	1.3867168e+02	1.6203291e+02	-1.0001904e-02
0	0	7	5	2	E	5.3992018e-02	1.3413066e+02	1.6128787e+02	-1.0000004e-02
0	0	7	5	3	T	5.4740481e-02	1.3755031e+02	1.6193071e+02	-2.0872939e-01
0	0	7	5	3	E	5.4861769e-02	1.3095430e+02	1.6099307e+02	-1.0000051e-02
0	0	7	6	0	T	7.0746951e-02	1.4463928e+02	1.6490520e+02	-1.0000065e-02
0	0	7	6	0	E	5.3061232e-02	1.3386111e+02	1.5838979e+02	-1.6825986e+00
0	0	7	6	1	T	4.7603182e-02	1.3178178e+02	1.6452943e+02	-1.0000002e-02
0	0	7	6	1	E	5.4533705e-02	1.3297281e+02	1.5837952e+02	-1.7540914e+00
0	0	7	6	2	T	5.0010256e-02	1.3203233e+02	1.6482404e+02	-1.0000049e-02
0	0	7	6	2	E	3.7771925e-02	1.2997385e+02	1.5913339e+02	-1.8179456e+00
0	0	7	6	3	T	7.1866564e-02	1.3586676e+02	1.6443694e+02	-1.0000017e-02
0	0	7	6	3	E	4.6835646e-02	1.3092349e+02	1.5991306e+02	-2.1804016e+00
0	0	7	7	0	T	6.6388659e-02	1.4414194e+02	1.5562683e+02	-1.0873892e+00
0	0	7	7	0	E	5.5128798e-02	1.3451396e+02	1.6518625e+02	-5.0356927e+00
0	0	7	7	1	T	7.2278552e-02	1.3723605e+02	1.5627669e+02	-1.3045801e+00
0	0	7	7	1	E	5.0291762e-02	1.3542418e+02	1.6748557e+02	-6.1402526e+00
0	0	7	7	2	T	5.5814318e-02	1.3566687e+02	1.5623746e+02	-1.6783279e+00
0	0	7	7	2	E	5.3557143e-02	1.3551489e+02	1.6571721e+02	-5.7037692e+00
0	0	7	7	3	T	7.1239047e-02	1.3695523e+02	1.5675769e+02	-1.6304506e+00
0	0	7	7	3	E	5.4472670e-02	1.3554623e+02	1.6696065e+02	-6.2328644e+00
0	0	7	8	0	T	8.9931063e-02	1.4451822e+02	1.6592963e+02	-9.9999998e-03
0	0	7	8	0	E	5.4388747e-02	1.3813158e+02	1.6076039e+02	-9.3545878e-01
0	0	7	8	1	T	9.1071658e-02	1.3770642e+02	1.6523073e+02	-1.0020869e-02
0	0	7	8	1	E	5.4793105e-02	1.3582985e+02	1.5952692e+02	-2.6299500e-01
0	0	7	8	2	T	8.9355044e-02	1.3387733e+02	1.6549113e+02	-1.0000483e-02
0	0	7	8	2	E	4.8292860e-02	1.3337625e+02	1.5992464e+02	-3.0678824e-01
0	0	7	8	3	T	9.0695910e-02	1.3673860e+02	1.6596547e+02	-1.0000203e-02
0	0	7	8	3	E	5.3015456e-02	1.3417255e+02	1.6012321e+02	-1.1872542e-01
0	0	7	9	0	T	9.7095065e-02	1.3905885e+02	1.4965181e+02	-9.9999998e-03
0	0	7	9	0	E	5.7028517e-02	1.2378941e+02	1.5454428e+02	-1.7531357e+00
0	0	7	9	1	T	8.0823474e-02	1.2503626e+02	1.4942070e+02	-1.0000001e-02
0	0	7	9	1	E	3.5780653e-02	1.2243441e+02	1.5536946e+02	-1.7131130e+00
0	0	7	9	2	T	9.4329409e-02	1.2635339e+02	1.4968130e+02	-1.0000013e-02
0	0	7	9	2	E	6.1529860e-02	1.2455374e+02	1.5409792e+02	-1.2326880e+00
0	0	7	9	3	T	9.6536212e-02	1.2643716e+02	1.5015990e+02	-1.0000245e-02
0	0	7	9	3	E	6.0187086e-02	1.2554353e+02	1.5426022e+02	-1.9524630e+00
0	0	7	10	0	T	9.0613894e-02	1.4204114e+02	1.6377623e+02	-7.4232709e-01
0	0	7	10	0	E	5.4686293e-02	1.3401585e+02	1.6974010e+02	-4.7339249e+00
0	0	7	10	1	T	9.0291552e-02	1.3517400e+02	1.6317300e+02	-4.0159631e-01
0	0	7	10	1	E	5.1771864e-02	1.3402451e+02	1.6914581e+02	-4.3677349e+00
0	0	7	10	2	T	9.0295367e-02	1.3433664e+02	1.6505499e+02	-1.6878701e+00
0	0	7	10	2	E	5.5250868e-02	1.3612505e+02	1.7215201e+02	-5.8299503e+00
0	0	7	10	3	T	9.0276293e-02	1.3388496e+02	1.6343457e+02	-3.9305058e-01
0	0	7	10	3	E	5.5357680e-02	1.3404195e+02	1.7119624e+02	-5.2221236e+00
0	0	7	11	0	T	7.8067355e-02	1.3652910e+02	1.5860474e+02	-1.0000224e-02
0	0	7	11	0	E	5.4175124e-02	1.3215388e+02	1.5889333e+02	-1.3081373e+00
0	0	7	11	1	T	8.3911471e-02	1.3098911e+02	1.5814104e+02	-1.0002229e-02
0	0	7	11	1	E	5.4747328e-02	1.3170744e+02	1.5912041e+02	-1.6291386e+00
0	0	7	11	2	T	7.8042559e-02	1.2857080e+02	1.5767270e+02	-1.0005069e-02
0	0	7	11	2	E	5.3480849e-02	1.3055307e+02	1.5980171e+02	-1.8496219e+00
0	0	7	11	3	T	7.7750735e-02	1.2885330e+02	1.5872964e+02	-1.0000285e-02
0	0	7	11	3	E	5.4159865e-02	1.3135722e+02	1.5912915e+02	-1.3427966e+00
0	0	7	12	0	T	9.6303515e-02	1.3920413e+02	1.5649318e+02	-1.0000001e-02
0	0	7	12	0	E	6.6641554e-02	1.2905598e+02	1.5900768e+02	-4.9730129e+00
0	0	7	12	1	T	8.5309558e-02	1.3125816e+02	1.5660907e+02	-1.0000086e-02
0	0	7	12	1	E	6.6801772e-02	1.2886842e+02	1.5991791e+02	-5.4389353e+00
0	0	7	12	2	T	9.6520953e-02	1.3017711e+02	1.5638383e+02	-9.9999998e-03
0	0	7	12	2	E	3.8244948e-02	1.2309314e+02	1.5993459e+02	-5.1328635e+00
0	0	7	12	3	T	9.5443301e-02	1.3172823e+02	1.5696072e+02	-1.0000029e-02
0	0	7	12	3	E	6.6496596e-02	1.2779350e+02	1.6222153e+02	-6.1362481e+00
0	0	7	13	0	T	8.4399752e-02	1.3570090e+02	1.5397861e+02	-1.0000004e-02
0	0	7	13	0	E	5.9355482e-02	1.2527595e+02	1.5061787e+02	-4.5183110e-01
0	0	7	13	1	T	9.6482806e-02	1.2854239e+02	1.5313957e+02	-1.0000003e-02
0	0	7	13	1	E	5.6540236e-02	1.2683001e+02	1.5058527e+02	-5.6308156e-01
0	0	7	13	2	T	9.6194796e-02	1.2814484e+02	1.5400273e+02	-9.9999998e-03
0	0	7	13	2	E	5.5571303e-02	1.2558630e+02	1.5046550e+02	-4.5103705e-01
0	0	7	13	3	T	9.5702700e-02	1.2574126e+02	1.5389070e+02	-1.0000015e-02
0	0	7	13	3	E	6.0652480e-02	1.2882547e+02	1.5114772e+02	-4.8170310e-01
0	0	7	14	0	T	8.0739550e-02	1.3267928e+02	1.6146880e+02	-5.2771158e+00
0	0	7	14	0	E	4.7957167e-02	1.3195456e+02	1.6218581e+02	-1.1802723e+00
0	0	7	14	1	T	9.0238146e-02	1.2476607e+02	1.5953345e+02	-4.3738842e+00
0	0	7	14	1	E	5.3282484e-02	1.3356856e+02	1.6063469e+02	-9.0461582e-01
0	0	7	14	2	T	9.0011172e-02	1.2524182e+02	1.5644919e+02	-2.7892420e+00
0	0	7	14	2	E	4.7224745e-02	1.3207216e+02	1.6020837e+02	-5.0501919e-01
0	0	7	14	3	T	8.3741717e-02	1.2507325e+02	1.6142583e+02	-4.9545856e+00
0	0	7	14	3	E	7.2729811e-02	1.3534378e+02	1.6205061e+02	-1.2951416e+00
0	0	7	15	0	T	9.6576266e-02	1.4124855e+02	1.6361957e+02	-1.4950261e+00
0	0	7	15	0	E	5.8188185e-02	1.2947845e+02	1.6492314e+02	-5.4167957e+00
0	0	7	15	1	T	9.6665911e-02	1.3474091e+02	1.6378476e+02	-1.4792922e+00
0	0	7	15	1	E	5.6273207e-02	1.2747859e+02	1.6225900e+02	-4.1484680e+00
0	0	7	15	2	T	8.4447436e-02	1.3204849e+02	1.6293375e+02	-1.5046616e+00
0	0	7	15	2	E	6.0843214e-02	1.2757412e+02	1.6266960e+02	-4.4540792e+00
0	0	7	15	3	T	9.6540026e-02	1.3405186e+02	1.6287489e+02	-1.2157668e+00
0	0	7	15	3	E	5.9462294e-02	1.2707577e+02	1.6357788e+02	-4.7186804e+00
0	0	7	16	0	T	9.3328051e-02	1.4288872e+02	1.5985596e+02	-1.0001065e-02
0	0	7	16	0	E	7.8375563e-02	1.2947493e+02	1.5948215e+02	-5.7864678e-01
0	0	7	16	1	T	9.6110873e-02	1.3113925e+02	1.6077505e+02	-1.0000071e-02
0	0	7	16	1	E	6.4787611e-02	1.2871523e+02	1.5888588e+02	-8.1755179e-01
0	0	7	16	2	T	8.9122348e-02	1.3395140e+02	1.5983873e+02	-1.0000001e-02
0	0	7	16	2	E	5.2427992e-02	1.2641737e+02	1.5851411e+02	-4.2239591e-01
0	0	7	16	3	T	9.5029406e-02	1.3160262e+02	1.6054205e+02	-1.0001009e-02
0	0	7	16	3	E	6.5939650e-02	1.2775558e+02	1.5808371e+02	-2.1664454e-01
0	0	7	17	0	T	8.8807635e-02	1.3580569e+02	1.5697421e+02	-1.0000520e-02
0	0	7	17	0	E	7.8284010e-02	1.2909406e+02	1.5538362e+02	-2.3629327e+00
0	0	7	17	1	T	9.6581988e-02	1.2891040e+02	1.5632242e+02	-1.0000098e-02
0	0	7	17	1	E	7.8871474e-02	1.2992393e+02	1.5573093e+02	-2.6554096e+00
0	0	7	17	2	T	9.2423968e-02	1.2680855e+02	1.5694682e+02	-1.0000003e-02
0	0	7	17	2	E	7.1303114e-02	1.2858345e+02	1.5478845e+02	-1.8973105e+00
0	0	7	17	3	T	9.5798068e-02	1.2822818e+02	1.5729123e+02	-1.0000001e-02
0	0	7	17	3	E	7.7765211e-02	1.2920302e+02	1.5621831e+02	-2.5176845e+00
0	0	7	18	0	T	9.6446566e-02	1.3267050e+02	1.4979889e+02	-1.0002016e-02
0	0	7	18	0	E	7.9024062e-02	1.2905376e+02	1.5138603e+02	-2.6108403e+00
0	0	7	18	1	T	1.0836559e-01	1.2384682e+02	1.5101332e+02	-1.0000071e-02
0	0	7	18	1	E	7.3446974e-02	1.2737144e+02	1.5230222e+02	-2.4493833e+00
0	0	7	18	2	T	1.0866313e-01	1.2463176e+02	1.5073332e+02	-1.0000224e-02
0	0	7	18	2	E	7.9313979e-02	1.2806497e+02	1.5054036e+02	-2.1572731e+00
0	0	7	18	3	T	9.6765094e-02	1.2373986e+02	1.5067006e+02	-1.0001850e-02
0	0	7	18	3	E	7.8680739e-02	1.2916284e+02	1.4989085e+02	-1.7832100e+00
0	0	7	19	0	T	9.6875720e-02	1.3503389e+02	1.5503915e+02	-1.0000002e-02
0	0	7	19	0	E	6.2430128e-02	1.3424329e+02	1.6710934e+02	-2.2222672e+00
0	0	7	19	1	T	1.0765033e-01	1.2565214e+02	1.5475581e+02	-1.0000207e-02
0	0	7	19	1	E	7.4927077e-02	1.3619579e+02	1.6595131e+02	-2.0049064e+00
0	0	7	19	2	T	9.6335940e-02	1.2530723e+02	1.5489603e+02	-1.0000001e-02
0	0	7	19	2	E	7.8268752e-02	1.3668874e+02	1.6562349e+02	-1.8052570e+00
0	0	7	19	3	T	1.0789447e-01	1.2590498e+02	1.5470993e+02	-1.0000002e-02
0	0	7	19	3	E	6.5161452e-02	1.3489838e+02	1.6719167e+02	-2.2490559e+00
0	0	7	20	0	T	1.0181194e-01	1.4351323e+02	1.5984770e+02	-1.0002160e-02
0	0	7	20	0	E	7.8947768e-02	1.3071939e+02	1.5497371e+02	-5.4235232e-01
0	0	7	20	1	T	1.0195690e-01	1.3486449e+02	1.6088397e+02	-6.8800348e-01
0	0	7	20	1	E	7.7528700e-02	1.2775694e+02	1.5385268e+02	-2.1279736e-01
0	0	7	20	2	T	9.9235110e-02	1.3281079e+02	1.6026012e+02	-1.0001012e-02
0	0	7	20	2	E	4.9086317e-02	1.2312354e+02	1.5485886e+02	-1.0000933e-02
0	0	7	20	3	T	9.8813586e-02	1.3413362e+02	1.6054597e+02	-5.8030462e-01
0	0	7	20	3	E	7.4011549e-02	1.2768936e+02	1.5402390e+02	-1.0001860e-02
0	0	7	21	0	T	1.0183864e-01	1.3690747e+02	1.5890903e+02	-1.8280809e+00
0	0	7	21	0	E	8.4959731e-02	1.2393732e+02	1.5618060e+02	-4.9900684e+00
0	0	7	21	1	T	1.0204845e-01	1.2911775e+02	1.5842589e+02	-1.8650775e+00
0	0	7	21	1	E	8.3075270e-02	1.2487655e+02	1.5780606e+02	-5.6159945e+00
0	0	7	21	2	T	9.8084979e-02	1.2836021e+02	1.5749811e+02	-1.7193958e+00
0	0	7	21	2	E	8.3510146e-02	1.2545972e+02	1.5812917e+02	-6.1206803e+00
0	0	7	21	3	T	1.0209995e-01	1.2778965e+02	1.5804845e+02	-1.6856425e+00
0	0	7	21	3	E	8.3868727e-02	1.2333717e+02	1.5720375e+02	-5.1745973e+00
0	0	7	22	0	T	9.8842196e-02	1.3357520e+02	1.5200368e+02	-1.0000052e-02
0	0	7	22	0	E	8.5417494e-02	1.3234964e+02	1.6277559e+02	-3.7422469e-01
0	0	7	22	1	T	9.6829943e-02	1.2662755e+02	1.5238217e+02	-1.0000016e-02
0	0	7	22	1	E	8.2579359e-02	1.3238100e+02	1.6414455e+02	-9.8227000e-01
0	0	7	22	2	T	7.6667361e-02	1.2112816e+02	1.5187996e+02	-1.0000813e-02
0	0	7	22	2	E	8.2098708e-02	1.3097546e+02	1.6369276e+02	-1.0086181e+00
0	0	7	22	3	T	1.0184246e-01	1.2602167e+02	1.5225363e+02	-1.0001766e-02
0	0	7	22	3	E	6.5634474e-02	1.2897079e+02	1.6319170e+02	-4.6284351e-01
0	0	7	23	0	T	9.6522860e-02	1.3723897e+02	1.5302170e+02	-1.1986922e-01
0	0	7	23	0	E	7.8772292e-02	1.2981883e+02	1.5734944e+02	-1.9634975e+00
0	0	7	23	1	T	9.6423678e-02	1.2881001e+02	1.5255225e+02	-1.0132482e-02
0	0	7	23	1	E	7.9191908e-02	1.3039423e+02	1.5678223e+02	-1.9386011e+00
0	0	7	23	2	T	9.6589617e-02	1.2862373e+02	1.5173286e+02	-1.0000013e-02
0	0	7	23	2	E	7.8833327e-02	1.2974300e+02	1.5730046e+02	-2.1225069e+00
0	0	7	23	3	T	9.4152026e-02	1.2826497e+02	1.5441911e+02	-8.6914515e-01
0	0	7	23	3	E	7.8940138e-02	1.3042836e+02	1.5735747e+02	-2.2633533e+00
0	0	7	24	0	T	9.0974383e-02	1.3709535e+02	1.5642599e+02	-1.0000002e-02
0	0	7	24	0	E	7.2722182e-02	1.2486401e+02	1.6016476e+02	-3.3976181e+00
0	0	7	24	1	T	9.0467028e-02	1.2768510e+02	1.5683650e+02	-1.0000209e-02
0	0	7	24	1	E	6.7648634e-02	1.2491042e+02	1.5822733e+02	-2.9528880e+00
0	0	7	24	2	T	7.4506335e-02	1.2467590e+02	1.5653534e+02	-1.0000055e-02
0	0	7	24	2	E	7.3225722e-02	1.2454875e+02	1.5787247e+02	-2.8259974e+00
0	0	7	24	3	T	8.2587771e-02	1.2522063e+02	1.5559888e+02	-1.0000005e-02
0	0	7	24	3	E	7.3248610e-02	1.2483242e+02	1.5700700e+02	-2.3735673e+00
0	0	7	25	0	T	9.6873812e-02	1.3562296e+02	1.5228499e+02	-1.0000071e-02
0	0	7	25	0	E	6.5649733e-02	1.2895558e+02	1.5669838e+02	-2.1518271e+00
0	0	7	25	1	T	9.0541415e-02	1.2739423e+02	1.5214893e+02	-1.0000505e-02
0	0	7	25	1	E	6.6977248e-02	1.2810815e+02	1.5802312e+02	-2.6837082e+00
0	0	7	25	2	T	9.6536212e-02	1.2738114e+02	1.5229877e+02	-1.0000060e-02
0	0	7	25	2	E	6.6374525e-02	1.2728454e+02	1.5643340e+02	-1.7536170e+00
0	0	7	25	3	T	9.0917163e-02	1.2261611e+02	1.5272369e+02	-1.0000014e-02
0	0	7	25	3	E	6.7366347e-02	1.2664275e+02	1.5570625e+02	-1.4307430e+00
0	0	7	26	0	T	7.4893527e-02	1.4467195e+02	1.6148289e+02	-1.0000081e-02
0	0	7	26	0	E	7.9146132e-02	1.4285760e+02	1.6763716e+02	-4.0619822e+00
0	0	7	26	1	T	9.7169451e-02	1.4194620e+02	1.6136577e+02	-1.0000296e-02
0	0	7	26	1	E	7.9199538e-02	1.4243344e+02	1.6757664e+02	-4.0132918e+00
0	0	7	26	2	T	9.6574359e-02	1.3935889e+02	1.6092712e+02	-1.0000016e-02
0	0	7	26	2	E	7.4522719e-02	1.3893190e+02	1.6818806e+02	-3.8772774e+00
0	0	7	26	3	T	9.6072726e-02	1.3857141e+02	1.6122479e+02	-1.0000238e-02
0	0	7	26	3	E	7.8886732e-02	1.4258549e+02	1.6937021e+02	-4.5495238e+00
0	0	7	27	0	T	6.9682650e-02	1.5350151e+02	1.6714467e+02	-1.0000018e-02
0	0	7	27	0	E	5.3045973e-02	1.2964594e+02	1.6755621e+02	-3.6051939e+00
0	0	7	27	1	T	7.7210955e-02	1.4713110e+02	1.6671555e+02	-1.0000094e-02
0	0	7	27	1	E	7.2699293e-02	1.3395874e+02	1.7048749e+02	-5.0168896e+00
0	0	7	27	2	T	8.9849047e-02	1.4849229e+02	1.6707396e+02	-1.4955609e-01
0	0	7	27	2	E	6.1049208e-02	1.3336331e+02	1.6898322e+02	-4.6106591e+00
0	0	7	27	3	T	8.9530520e-02	1.4920648e+02	1.6689256e+02	-1.0003270e-02
0	0	7	27	3	E	7.2882399e-02	1.3294263e+02	1.6832750e+02	-3.9422760e+00
0	0	7	28	0	T	9.6095614e-02	1.4498088e+02	1.6843147e+02	-1.0000001e-02
0	0	7	28	0	E	7.8383192e-02	1.3109424e+02	1.5844118e+02	-2.5469508e+00
0	0	7	28	1	T	8.0737643e-02	1.3240237e+02	1.6860120e+02	-1.0000201e-02
0	0	7	28	1	E	6.0858473e-02	1.2882664e+02	1.5839632e+02	-2.4257863e+00
0	0	7	28	2	T	7.8502230e-02	1.3132599e+02	1.6745093e+02	-1.0000001e-02
0	0	7	28	2	E	7.3523268e-02	1.3057802e+02	1.5703699e+02	-1.7041163e+00
0	0	7	28	3	T	9.6389346e-02	1.3458499e+02	1.6857382e+02	-1.0000004e-02
0	0	7	28	3	E	7.9367384e-02	1.3023705e+02	1.5743225e+02	-1.8702247e+00
0	0	7	29	0	T	6.5768771e-02	1.3368021e+02	1.5540746e+02	-1.0000807e-02
0	0	7	29	0	E	7.8596815e-02	1.3210362e+02	1.5830333e+02	-2.1841917e+00
0	0	7	29	1	T	9.6099429e-02	1.3177370e+02	1.5738515e+02	-1.0511035e+00
0	0	7	29	1	E	4.8544630e-02	1.2708624e+02	1.5931122e+02	-2.1728945e+00
0	0	7	29	2	T	9.5819049e-02	1.3044408e+02	1.5642520e+02	-6.0492992e-01
0	0	7	29	2	E	7.8299269e-02	1.3028789e+02	1.5913644e+02	-1.9133046e+00
0	0	7	29	3	T	9.6128039e-02	1.3095319e+02	1.5732738e+02	-9.4765049e-01
0	0	7	29	3	E	4.8300490e-02	1.2675056e+02	1.5863293e+02	-1.9801831e+00
0	0	7	30	0	T	6.4130358e-02	1.3613498e+02	1.5962720e+02	-1.9874531e+00
0	0	7	30	0	E	7.9161391e-02	1.2940627e+02	1.6702861e+02	-5.1563425e+00
0	0	7	30	1	T	9.6478991e-02	1.3503648e+02	1.6009901e+02	-2.4122944e+00
0	0	7	30	1	E	7.9252943e-02	1.2982045e+02	1.6897125e+02	-5.7841907e+00
0	0	7	30	2	T	9.6578173e-02	1.3536459e+02	1.6182268e+02	-3.3142323e+00
0	0	7	30	2	E	7.1005568e-02	1.2886278e+02	1.6881184e+02	-5.4749889e+00
0	0	7	30	3	T	9.6587710e-02	1.3318117e+02	1.6041379e+02	-2.4922817e+00
0	0	7	30	3	E	7.9489455e-02	1.2917180e+02	1.6780115e+02	-5.7519107e+00
0	0	7	31	0	T	1.0210948e-01	1.4935283e+02	1.6054636e+02	-1.0000665e-02
0	0	7	31	0	E	4.9116835e-02	1.3520062e+02	1.6264374e+02	-3.1279168e-01
0	0	7	31	1	T	1.0232501e-01	1.4068129e+02	1.5982979e+02	-9.9999998e-03
0	0	7	31	1	E	7.8665480e-02	1.4119943e+02	1.6166589e+02	-2.9152998e-01
0	0	7	31	2	T	1.0224681e-01	1.4239293e+02	1.5999358e+02	-1.0000069e-02
0	0	7	31	2	E	7.8901991e-02	1.3720517e+02	1.6231664e+02	-1.0000169e-02
0	0	7	31	3	T	1.0175853e-01	1.3774347e+02	1.6057640e+02	-1.0000050e-02
0	0	7	31	3	E	4.8514113e-02	1.3584811e+02	1.6113747e+02	-1.0236174e-02
0	0	7	32	0	T	1.0284381e-01	1.3964510e+02	1.5765529e+02	-1.0000062e-02
0	0	7	32	0	E	3.6558852e-02	1.2901227e+02	1.5943915e+02	-3.9486611e-01
0	0	7	32	1	T	9.3699984e-02	1.3201262e+02	1.5771207e+02	-1.0000005e-02
0	0	7	32	1	E	4.8788771e-02	1.2853877e+02	1.5897269e+02	-1.0002441e-02
0	0	7	32	2	T	1.0276943e-01	1.3183867e+02	1.5763760e+02	-1.0000001e-02
0	0	7	32	2	E	5.1779494e-02	1.3048759e+02	1.5861163e+02	-1.0020861e-02
0	0	7	32	3	T	1.0260158e-01	1.2950816e+02	1.5855121e+02	-1.0000213e-02
0	0	7	32	3	E	6.7038283e-02	1.3202826e+02	1.5986093e+02	-1.0000156e-02
0	0	7	33	0	T	7.6131396e-02	1.3533864e+02	1.5379953e+02	-9.9999998e-03
0	0	7	33	0	E	7.8314528e-02	1.2678275e+02	1.5714598e+02	-3.8219924e+00
0	0	7	33	1	T	8.5403018e-02	1.2673107e+02	1.5295030e+02	-1.0000016e-02
0	0	7	33	1	E	7.8718886e-02	1.2758441e+02	1.5735826e+02	-3.7569132e+00
0	0	7	33	2	T	8.0586962e-02	1.2648013e+02	1.5392342e+02	-1.0000003e-02
0	0	7	33	2	E	7.8490004e-02	1.2665658e+02	1.5645079e+02	-3.1911926e+00
0	0	7	33	3	T	9.6320681e-02	1.2845781e+02	1.5358086e+02	-1.0000045e-02
0	0	7	33	3	E	4.7362074e-02	1.2118851e+02	1.5560526e+02	-2.9797821e+00
0	0	7	34	0	T	-5.5550046e-02	1.4880124e+02	1.6226534e+02	-9.4389427e-01
0	0	7	34	0	E	-4.1596666e-02	1.2997459e+02	1.5431746e+02	-1.9675016e+00
0	0	7	34	1	T	-6.7745633e-02	1.3870084e+02	1.6291483e+02	-1.4645736e+00
0	0	7	34	1	E	-4.1337267e-02	1.3051314e+02	1.5594717e+02	-2.8163145e+00
0	0	7	34	2	T	-5.5593915e-02	1.4000938e+02	1.6208846e+02	-9.9641550e-01
0	0	7	34	2	E	-5.4719225e-02	1.2845030e+02	1.5461118e+02	-2.2620394e+00
0	0	7	34	3	T	-5.5820890e-02	1.3983670e+02	1.6198914e+02	-6.2642419e-01
0	0	7	34	3	E	-4.3183580e-02	1.2877383e+02	1.5371968e+02	-1.4968219e+00
0	0	7	35	0	T	-6.2576719e-02	1.4299324e+02	1.6716301e+02	-2.7430773e+00
0	0	7	35	0	E	-4.2084947e-02	1.3028798e+02	1.6014381e+02	-5.8706737e+00
0	0	7	35	1	T	-8.0019422e-02	1.3545274e+02	1.6633209e+02	-3.1976616e+00
0	0	7	35	1	E	-5.8915392e-02	1.2883347e+02	1.5924962e+02	-5.5161304e+00
0	0	7	35	2	T	-6.1985441e-02	1.3575975e+02	1.6440158e+02	-2.3685150e+00
0	0	7	35	2	E	-4.2130724e-02	1.2908014e+02	1.5964532e+02	-5.3220940e+00
0	0	7	35	3	T	-6.2080808e-02	1.3449950e+02	1.6551033e+02	-2.2987635e+00
0	0	7	35	3	E	-4.4282213e-02	1.3076450e+02	1.6084883e+02	-5.9936152e+00
0	0	7	36	0	T	-6.2994428e-02	1.3839374e+02	1.6011522e+02	-3.1646602e+00
0	0	7	36	0	E	-4.1772142e-02	1.3260313e+02	1.5327469e+02	-1.1174377e+00
0	0	7	36	1	T	-7.3193021e-02	1.3059552e+02	1.5776308e+02	-2.5995364e+00
0	0	7	36	1	E	-4.1383043e-02	1.3048079e+02	1.5196049e+02	-4.0128535e-01
0	0	7	36	2	T	-6.1184354e-02	1.3016969e+02	1.5805649e+02	-2.6483574e+00
0	0	7	36	2	E	-4.1466966e-02	1.3131062e+02	1.5302953e+02	-7.1128243e-01
0	0	7	36	3	T	-6.1474271e-02	1.3086745e+02	1.6006490e+02	-3.2752337e+00
0	0	7	36	3	E	-5.4711595e-02	1.3011194e+02	1.5404358e+02	-1.4294672e+00
0	0	7	37	0	T	-6.3692518e-02	1.4195711e+02	1.8525449e+02	-1.4711154e+01
0	0	7	37	0	E	-4.1924730e-02	1.2961771e+02	1.4950388e+02	-1.0000389e-02
0	0	7	37	1	T	-6.7276426e-02	1.3210017e+02	1.8490384e+02	-1.4205127e+01
0	0	7	37	1	E	-4.1566148e-02	1.3003482e+02	1.4933615e+02	-1.0005259e-02
0	0	7	37	2	T	-6.2206693e-02	1.3329677e+02	1.8453642e+02	-1.4402967e+01
0	0	7	37	2	E	-4.1695848e-02	1.3013223e+02	1.4921249e+02	-1.0003393e-02
0	0	7	37	3	T	-6.7522474e-02	1.3272816e+02	1.8300481e+02	-1.3659723e+01
0	0	7	37	3	E	-4.2176500e-02	1.2976799e+02	1.4892831e+02	-1.0014868e-02
0	0	7	38	0	T	-3.7836500e-02	1.4665404e+02	1.5630627e+02	-2.3086597e-01
0	0	7	38	0	E	-4.9256578e-02	1.2792183e+02	1.6254530e+02	-2.6357684e+00
0	0	7	38	1	T	-3.1786390e-02	1.3888820e+02	1.5599063e+02	-1.0004756e-02
0	0	7	38	1	E	-4.2176500e-02	1.2873100e+02	1.6482162e+02	-4.1165447e+00
0	0	7	38	2	T	-3.1309552e-02	1.3570297e+02	1.5675240e+02	-1.0000002e-02
0	0	7	38	2	E	-4.8295274e-02	1.2825204e+02	1.6337468e+02	-3.5708382e+00
0	0	7	38	3	T	-4.0949292e-02	1.3578990e+02	1.5674683e+02	-1.0000507e-02
0	0	7	38	3	E	-4.8508897e-02	1.2579655e+02	1.6165311e+02	-2.9057355e+00
0	0	7	39	0	T	-6.1928220e-02	1.3993695e+02	1.5136554e+02	-8.2335562e-01
0	0	7	39	0	E	-4.2214647e-02	1.3499706e+02	1.5742574e+02	-1.0001129e-02
0	0	7	39	1	T	-7.9828687e-02	1.3086247e+02	1.5024347e+02	-3.7560123e-01
0	0	7	39	1	E	-4.2748705e-02	1.3292253e+02	1.5775073e+02	-1.0000195e-02
0	0	7	39	2	T	-6.1651655e-02	1.3089186e+02	1.5145457e+02	-6.7291862e-01
0	0	7	39	2	E	-4.4877306e-02	1.3331998e+02	1.5786977e+02	-1.0000271e-02
0	0	7	39	3	T	-7.9826780e-02	1.2811482e+02	1.4994954e+02	-1.0217095e-01
0	0	7	39	3	E	-4.2435899e-02	1.3156116e+02	1.5702020e+02	-1.0000633e-02
0	0	7	40	0	T	-6.2620588e-02	1.3806297e+02	1.5506131e+02	-8.4854734e-01
0	0	7	40	0	E	-4.2107835e-02	1.2988124e+02	1.5136218e+02	-3.2528841e+00
0	0	7	40	1	T	-6.1785169e-02	1.3112784e+02	1.5458185e+02	-7.2032666e-01
0	0	7	40	1	E	-4.7372118e-02	1.2790261e+02	1.5065578e+02	-2.8233490e+00
0	0	7	40	2	T	-6.1689802e-02	1.3013980e+02	1.5525043e+02	-9.2118424e-01
0	0	7	40	2	E	-4.2077318e-02	1.2742751e+02	1.5062277e+02	-2.7130852e+00
0	0	7	40	3	T	-6.2109418e-02	1.2983798e+02	1.5579364e+02	-9.5429444e-01
0	0	7	40	3	E	-4.7044054e-02	1.2902762e+02	1.5153194e+02	-3.0283089e+00
0	0	7	41	0	T	-7.4177213e-02	1.3997720e+02	1.6314929e+02	-3.1895545e+00
0	0	7	41	0	E	-4.2603746e-02	1.3572270e+02	1.5701732e+02	-2.9434267e-01
0	0	7	41	1	T	-6.1941572e-02	1.3425652e+02	1.6476407e+02	-3.7182348e+00
0	0	7	41	1	E	-4.9401537e-02	1.3546545e+02	1.5639078e+02	-1.0012602e-02
0	0	7	41	2	T	-7.3816724e-02	1.2966260e+02	1.6324739e+02	-3.0109594e+00
0	0	7	41	2	E	-4.1489854e-02	1.3774356e+02	1.5780353e+02	-7.5882518e-01
0	0	7	41	3	T	-6.4693876e-02	1.3267072e+02	1.6379939e+02	-3.4523170e+00
0	0	7	41	3	E	-4.2321458e-02	1.3386876e+02	1.5669011e+02	-5.1805530e-02
0	0	7	42	0	T	-8.5394330e-02	1.3531534e+02	1.6569299e+02	-5.1755409e+00
0	0	7	42	0	E	-6.0311571e-02	1.3393384e+02	1.7877354e+02	-1.2026673e+01
0	0	7	42	1	T	-6.8401761e-02	1.2972713e+02	1.6548593e+02	-5.0490732e+00
0	0	7	42	1	E	-4.2641893e-02	1.3983910e+02	1.7940379e+02	-1.3105980e+01
0	0	7	42	2	T	-7.4064679e-02	1.2749602e+02	1.6729126e+02	-5.8227339e+00
0	0	7	42	2	E	-6.3996568e-02	1.3503592e+02	1.7826018e+02	-1.2036431e+01
0	0	7	42	3	T	-7.9693265e-02	1.2489217e+02	1.6614047e+02	-4.7592015e+00
0	0	7	42	3	E	-4.2458788e-02	1.3784360e+02	1.7642528e+02	-1.0947229e+01
0	0	7	43	0	T	-4.3425031e-02	1.4064799e+02	1.6230206e+02	-5.7755733e+00
0	0	7	43	0	E	-5.3727403e-02	1.3088759e+02	1.5685213e+02	-1.8753285e+00
0	0	7	43	1	T	-2.5047727e-02	1.3591234e+02	1.6311432e+02	-6.2736397e+00
0	0	7	43	1	E	-4.5411363e-02	1.3050139e+02	1.5913779e+02	-2.8467748e+00
0	0	7	43	2	T	-2.4422117e-02	1.3595110e+02	1.6248608e+02	-5.9337726e+00
0	0	7	43	2	E	-4.1405931e-02	1.2946881e+02	1.5722032e+02	-1.7331194e+00
0	0	7	43	3	T	-2.4584241e-02	1.3500034e+02	1.6320425e+02	-6.1013999e+00
0	0	7	43	3	E	-6.5331712e-02	1.2551472e+02	1.5871443e+02	-2.3182595e+00
0	0	7	44	0	T	-6.2159009e-02	1.3796375e+02	1.5636330e+02	-1.0000114e-02
0	0	7	44	0	E	-4.1985765e-02	1.3172449e+02	1.5802856e+02	-1.8041383e-01
0	0	7	44	1	T	-6.1323591e-02	1.3180502e+02	1.5612033e+02	-1.0003119e-02
0	0	7	44	1	E	-5.5955186e-02	1.3302255e+02	1.5874617e+02	-7.4582547e-01
0	0	7	44	2	T	-8.0101438e-02	1.2628860e+02	1.5651358e+02	-9.9999998e-03
0	0	7	44	2	E	-4.7883287e-02	1.3092613e+02	1.5804477e+02	-4.2744020e-01
0	0	7	44	3	T	-6.1903425e-02	1.2771285e+02	1.6057445e+02	-1.7303016e+00
0	0	7	44	3	E	-4.2008653e-02	1.3138380e+02	1.5862540e+02	-3.6701977e-01
0	0	7	45	0	T	-7.3971219e-02	1.3640860e+02	1.5447623e+02	-9.9999998e-03
0	0	7	45	0	E	-4.2161241e-02	1.3477824e+02	1.6222636e+02	-3.3407707e+00
0	0	7	45	1	T	-6.9977231e-02	1.2722430e+02	1.5471262e+02	-1.0000209e-02
0	0	7	45	1	E	-4.2252794e-02	1.3254243e+02	1.6069753e+02	-3.0975220e+00
0	0	7	45	2	T	-6.2242933e-02	1.2765722e+02	1.5508098e+02	-1.0001565e-02
0	0	7	45	2	E	-4.4099107e-02	1.3219376e+02	1.6050462e+02	-2.6408677e+00
0	0	7	45	3	T	-6.2294431e-02	1.2514771e+02	1.5547092e+02	-1.0000001e-02
0	0	7	45	3	E	-4.2115465e-02	1.3385693e+02	1.6232349e+02	-3.7767577e+00
0	0	7	46	0	T	-6.7417569e-02	1.4367957e+02	1.5628799e+02	-1.0003929e-02
0	0	7	46	0	E	-4.2329088e-02	1.3227597e+02	1.6223798e+02	-4.4816542e+00
0	0	7	46	1	T	-6.7758985e-02	1.3322159e+02	1.5708290e+02	-1.0000007e-02
0	0	7	46	1	E	-4.1634813e-02	1.3195212e+02	1.5970111e+02	-3.3198192e+00
0	0	7	46	2	T	-6.7549177e-02	1.3362669e+02	1.5631570e+02	-9.9999998e-03
0	0	7	46	2	E	-4.3198839e-02	1.3274397e+02	1.6284088e+02	-4.9395862e+00
0	0	7	46	3	T	-7.9807706e-02	1.3243536e+02	1.5653905e+02	-1.0003489e-02
0	0	7	46	3	E	-4.4663683e-02	1.3198566e+02	1.6265402e+02	-4.8270135e+00
0	0	7	47	0	T	-2.5343366e-02	1.3555251e+02	1.6458426e+02	-6.3619266e+00
0	0	7	47	0	E	-4.3099657e-02	1.2889252e+02	1.6008542e+02	-2.8989098e+00
0	0	7	47	1	T	-6.8199582e-02	1.2142170e+02	1.6979619e+02	-8.3220873e+00
0	0	7	47	1	E	-4.3565050e-02	1.2874422e+02	1.5852441e+02	-2.2658627e+00
0	0	7	47	2	T	-6.7539640e-02	1.2024142e+02	1.6805473e+02	-7.5881562e+00
0	0	7	47	2	E	-4.4823900e-02	1.2768415e+02	1.5958992e+02	-2.7520509e+00
0	0	7	47	3	T	-2.5419660e-02	1.2616935e+02	1.6680562e+02	-7.1234570e+00
0	0	7	47	3	E	-4.6098009e-02	1.2740966e+02	1.5943924e+02	-2.6466897e+00
0	0	7	48	0	T	-2.5778241e-02	1.4844893e+02	1.5871236e+02	-1.2075707e+00
0	0	7	48	0	E	-4.5548692e-02	1.2405830e+02	1.4830319e+02	-1.9187775e-01
0	0	7	48	1	T	-2.5177427e-02	1.3832907e+02	1.5766231e+02	-1.4690432e-01
0	0	7	48	1	E	-4.1276231e-02	1.2824455e+02	1.4949504e+02	-9.6380776e-01
0	0	7	48	2	T	-2.5675245e-02	1.3664497e+02	1.5781195e+02	-2.9073390e-01
0	0	7	48	2	E	-4.1573778e-02	1.2657555e+02	1.4986588e+02	-6.9655234e-01
0	0	7	48	3	T	-5.5527158e-02	1.3491417e+02	1.5936081e+02	-1.4247273e+00
0	0	7	48	3	E	-4.1543260e-02	1.2857100e+02	1.4985298e+02	-1.1101173e+00
0	0	7	49	0	T	-6.1672635e-02	1.3630713e+02	1.5892577e+02	-1.0000033e-02
0	0	7	49	0	E	-4.1993394e-02	1.2373603e+02	1.4919464e+02	-1.1119758e+00
0	0	7	49	1	T	-7.0820279e-02	1.2908879e+02	1.5872711e+02	-1.0000047e-02
0	0	7	49	1	E	-4.1329637e-02	1.2387816e+02	1.4857640e+02	-9.4337857e-01
0	0	7	49	2	T	-7.9193540e-02	1.2584655e+02	1.5797621e+02	-1.0000003e-02
0	0	7	49	2	E	-4.1390672e-02	1.2512706e+02	1.4847913e+02	-9.9110520e-01
0	0	7	49	3	T	-7.9536863e-02	1.2753530e+02	1.5870483e+02	-1.0000200e-02
0	0	7	49	3	E	-4.6769395e-02	1.2130050e+02	1.4979922e+02	-1.1013751e+00
0	0	7	50	0	T	-7.3866315e-02	1.4152357e+02	1.6462340e+02	-2.3153369e+00
0	0	7	50	0	E	-6.0944811e-02	1.3386028e+02	1.6437407e+02	-1.3945770e+00
0	0	7	50	1	T	-6.7980237e-02	1.3430357e+02	1.6297028e+02	-1.6622099e+00
0	0	7	50	1	E	-4.2397752e-02	1.3404517e+02	1.6284079e+02	-1.2507687e+00
0	0	7	50	2	T	-8.5916944e-02	1.3068552e+02	1.6411588e+02	-2.3770270e+00
0	0	7	50	2	E	-4.2176500e-02	1.3843106e+02	1.6448203e+02	-2.0436983e+00
0	0	7	50	3	T	-6.8018384e-02	1.3307338e+02	1.6364920e+02	-1.8510689e+00
0	0	7	50	3	E	-4.2329088e-02	1.3667563e+02	1.6485817e+02	-2.2990830e+00
0	0	7	51	0	T	-1.8249744e-01	1.3854045e+02	1.6486653e+02	-2.8789537e+00
0	0	7	51	0	E	-1.3879515e-01	1.2873958e+02	1.5260585e+02	-3.3025312e-01
0	0	7	51	1	T	-1.7034572e-01	1.3451872e+02	1.6539430e+02	-3.0555589e+00
0	0	7	51	1	E	-1.3897826e-01	1.2862283e+02	1.5275813e+02	-8.0079097e-01
0	0	7	51	2	T	-1.8881840e-01	1.2894540e+02	1.6612901e+02	-3.2135561e+00
0	0	7	51	2	E	-1.3922240e-01	1.2651186e+02	1.5276578e+02	-4.7987625e-01
0	0	7	51	3	T	-1.7522472e-01	1.3068541e+02	1.6520775e+02	-2.7203505e+00
0	0	7	51	3	E	-1.3917662e-01	1.2754724e+02	1.5332089e+02	-8.7767541e-01
0	0	7	52	0	T	-1.8219799e-01	1.3507408e+02	1.6580217e+02	-6.7601104e+00
0	0	7	52	0	E	-1.4023711e-01	1.3302782e+02	1.5420818e+02	-3.1200117e-01
0	0	7	52	1	T	-1.8338436e-01	1.2677420e+02	1.6732378e+02	-7.5391665e+00
0	0	7	52	1	E	-1.5958525e-01	1.3020979e+02	1.5543958e+02	-1.2216672e+00
0	0	7	52	2	T	-1.8413204e-01	1.2555517e+02	1.6700316e+02	-7.3272958e+00
0	0	7	52	2	E	-1.5668608e-01	1.3141188e+02	1.5368651e+02	-2.5402299e-01
0	0	7	52	3	T	-1.8262523e-01	1.2608360e+02	1.6680766e+02	-7.2773452e+00
0	0	7	52	3	E	-1.3892485e-01	1.3209178e+02	1.5691597e+02	-1.6545795e+00
0	0	7	53	0	T	-1.1585278e-01	1.6209731e+02	1.7256221e+02	-7.4912459e-01
0	0	7	53	0	E	-8.7945238e-02	1.3313861e+02	1.5523029e+02	-1.9928615e-01
0	0	7	53	1	T	-9.8461576e-02	1.5902092e+02	1.7274026e+02	-1.0695071e+00
0	0	7	53	1	E	-7.8179613e-02	1.2999081e+02	1.5543367e+02	-1.0000003e-02
0	0	7	53	2	T	-1.1584515e-01	1.5391609e+02	1.7343053e+02	-1.0034378e+00
0	0	7	53	2	E	-8.2497850e-02	1.3100241e+02	1.5532845e+02	-1.0000049e-02
0	0	7	53	3	T	-1.1576695e-01	1.5303294e+02	1.7337228e+02	-8.6235219e-01
0	0	7	53	3	E	-7.8271165e-02	1.3093118e+02	1.5575278e+02	-1.0000241e-02
0	0	7	54	0	T	-1.0397191e-01	1.4107753e+02	1.6602130e+02	-6.5259361e+00
0	0	7	54	0	E	-8.2871690e-02	1.3300322e+02	1.6302003e+02	-1.5308743e+00
0	0	7	54	1	T	-8.5863538e-02	1.3642416e+02	1.6315553e+02	-5.5382872e+00
0	0	7	54	1	E	-7.8782335e-02	1.3299455e+02	1.6204510e+02	-1.2697427e+00
0	0	7	54	2	T	-1.0309643e-01	1.3082016e+02	1.6168428e+02	-4.3107600e+00
0	0	7	54	2	E	-9.7268358e-02	1.3135094e+02	1.6260661e+02	-1.6524704e+00
0	0	7	54	3	T	-1.0110516e-01	1.3277512e+02	1.6240210e+02	-4.9925594e+00
0	0	7	54	3	E	-8.5816637e-02	1.3050798e+02	1.6311522e+02	-1.2651461e+00
0	0	7	55	0	T	-1.0362477e-01	1.3440623e+02	1.5250798e+02	-1.0612396e+00
0	0	7	55	0	E	-7.9034105e-02	1.3665976e+02	1.5767375e+02	-9.9999998e-03
0	0	7	55	1	T	-9.1801114e-02	1.2368767e+02	1.5055000e+02	-1.0000736e-02
0	0	7	55	1	E	-7.7782884e-02	1.3557933e+02	1.5718051e+02	-1.0000168e-02
0	0	7	55	2	T	-1.0337872e-01	1.2585271e+02	1.5117543e+02	-1.8507987e-01
0	0	7	55	2	E	-7.8706041e-02	1.3357802e+02	1.5740440e+02	-1.0000336e-02
0	0	7	55	3	T	-8.5426755e-02	1.2683826e+02	1.5053053e+02	-6.8367451e-02
0	0	7	55	3	E	-7.8385606e-02	1.3375983e+02	1.5831918e+02	-1.0001421e-02
0	0	7	56	0	T	-1.1679120e-01	1.3574904e+02	1.5448100e+02	-2.4352167e+00
0	0	7	56	0	E	-9.1073290e-02	1.2796220e+02	1.5589221e+02	-1.0000474e-02
0	0	7	56	1	T	-1.1618466e-01	1.2862120e+02	1.5464781e+02	-2.1768041e+00
0	0	7	56	1	E	-9.2164293e-02	1.2747030e+02	1.5546034e+02	-1.0000934e-02
0	0	7	56	2	T	-1.2773365e-01	1.2639108e+02	1.5317279e+02	-1.9005817e+00
0	0	7	56	2	E	-9.2332140e-02	1.2787112e+02	1.5494812e+02	-1.0000456e-02
0	0	7	56	3	T	-1.1634869e-01	1.2716678e+02	1.5484717e+02	-2.3516147e+00
0	0	7	56	3	E	-9.0928331e-02	1.2726241e+02	1.5550006e+02	-9.9999998e-03
0	0	7	57	0	T	-1.2812084e-01	1.4113766e+02	1.6111551e+02	-1.8616650e+00
0	0	7	57	0	E	-9.0874925e-02	1.3663019e+02	1.6755949e+02	-3.7870903e+00
0	0	7	57	1	T	-1.4633030e-01	1.2824536e+02	1.6059808e+02	-1.3090221e+00
0	0	7	57	1	E	-9.1325060e-02	1.3640381e+02	1.7098590e+02	-5.4803176e+00
0	0	7	57	2	T	-1.2790722e-01	1.3121735e+02	1.6098087e+02	-1.8768110e+00
0	0	7	57	2	E	-1.1570098e-01	1.3138171e+02	1.6913260e+02	-3.9167156e+00
0	0	7	57	3	T	-1.2868541e-01	1.3121765e+02	1.6102455e+02	-1.4719501e+00
0	0	7	57	3	E	-9.7222582e-02	1.3519618e+02	1.6550638e+02	-2.7833858e+00
0	0	7	58	0	T	-1.2399144e-01	1.4446994e+02	1.6825168e+02	-4.5365715e+00
0	0	7	58	0	E	-8.5511461e-02	1.2961197e+02	1.5540526e+02	-2.9780132e-01
0	0	7	58	1	T	-1.2772220e-01	1.3956618e+02	1.6909644e+02	-5.1020622e+00
0	0	7	58	1	E	-1.0860564e-01	1.2488688e+02	1.5486803e+02	-1.0007595e-02
0	0	7	58	2	T	-1.1247105e-01	1.3782988e+02	1.6731697e+02	-4.2439795e+00
0	0	7	58	2	E	-9.6902147e-02	1.2976956e+02	1.5465959e+02	-1.0007205e-02
0	0	7	58	3	T	-1.0359616e-01	1.3927719e+02	1.6771307e+02	-4.2927790e+00
0	0	7	58	3	E	-1.0809447e-01	1.2602604e+02	1.5552228e+02	-1.0000123e-02
0	0	7	59	0	T	-9.8185010e-02	1.4401028e+02	1.6863980e+02	-3.0618801e+00
0	0	7	59	0	E	-1.0904051e-01	1.2067347e+02	1.5337871e+02	-1.0000199e-02
0	0	7	59	1	T	-9.8635145e-02	1.3647775e+02	1.6794820e+02	-3.3173711e+00
0	0	7	59	1	E	-9.7680345e-02	1.2107034e+02	1.5283354e+02	-1.0000001e-02
0	0	7	59	2	T	-9.8299451e-02	1.3474585e+02	1.6672446e+02	-2.5640035e+00
0	0	7	59	2	E	-1.0891844e-01	1.1856769e+02	1.5320052e+02	-1.0000004e-02
0	0	7	59	3	T	-9.7839780e-02	1.3546144e+02	1.6715530e+02	-2.7586458e+00
0	0	7	59	3	E	-1.0876586e-01	1.1900747e+02	1.5338315e+02	-1.0000514e-02
0	0	7	60	0	T	-9.7757764e-02	1.4459705e+02	1.6822417e+02	-4.5897646e+00
0	0	7	60	0	E	-6.4706102e-02	1.3011203e+02	1.5366788e+02	-3.7648957e+00
0	0	7	60	1	T	-9.7906537e-02	1.3769537e+02	1.6767271e+02	-4.3200436e+00
0	0	7	60	1	E	-6.5507188e-02	1.2826869e+02	1.5596080e+02	-4.4730744e+00
0	0	7	60	2	T	-1.0867924e-01	1.3492828e+02	1.6894000e+02	-4.8095717e+00
0	0	7	60	2	E	-6.6926256e-02	1.2806996e+02	1.5498909e+02	-4.3948507e+00
0	0	7	60	3	T	-9.7759672e-02	1.3560402e+02	1.6787883e+02	-4.0528650e+00
0	0	7	60	3	E	-6.8658128e-02	1.2818344e+02	1.5437080e+02	-4.4569483e+00
0	0	7	61	0	T	-7.9889722e-02	1.3576089e+02	1.5617017e+02	-2.5993199e+00
0	0	7	61	0	E	-5.8106676e-02	1.2580964e+02	1.5512479e+02	-1.0000044e-02
0	0	7	61	1	T	-7.9731412e-02	1.2833778e+02	1.5699236e+02	-2.8297732e+00
0	0	7	61	1	E	-4.2771593e-02	1.2990024e+02	1.5460109e+02	-1.0000070e-02
0	0	7	61	2	T	-8.0017515e-02	1.2689847e+02	1.5613556e+02	-2.7464159e+00
0	0	7	61	2	E	-4.2428270e-02	1.3053519e+02	1.5530821e+02	-1.0000842e-02
0	0	7	61	3	T	-7.9660840e-02	1.2571455e+02	1.5695601e+02	-2.7678204e+00
0	0	7	61	3	E	-4.2413011e-02	1.2995525e+02	1.5495682e+02	-1.0000167e-02
0	0	7	62	0	T	-6.8123288e-02	1.4394479e+02	1.6114944e+02	-9.2147070e-01
0	0	7	62	0	E	-5.4742113e-02	1.3049910e+02	1.6152736e+02	-3.5456932e+00
0	0	7	62	1	T	-6.7961164e-02	1.3581650e+02	1.6080394e+02	-4.2593899e-01
0	0	7	62	1	E	-5.4871812e-02	1.3029749e+02	1.6107341e+02	-3.2275331e+00
0	0	7	62	2	T	-7.9908796e-02	1.3276965e+02	1.5908572e+02	-1.0003190e-02
0	0	7	62	2	E	-8.4916368e-02	1.2789549e+02	1.6235977e+02	-3.9355218e+00
0	0	7	62	3	T	-6.8140455e-02	1.3544536e+02	1.6161671e+02	-8.3042186e-01
0	0	7	62	3	E	-5.4612413e-02	1.3244646e+02	1.6087321e+02	-3.2605705e+00
0	0	7	63	0	T	-7.8937955e-02	1.3579526e+02	1.5508228e+02	-1.0000011e-02
0	0	7	63	0	E	-8.4733263e-02	1.2434100e+02	1.6060893e+02	-5.9278407e+00
0	0	7	63	1	T	-8.6027570e-02	1.2620050e+02	1.5577931e+02	-1.0000061e-02
0	0	7	63	1	E	-5.4696336e-02	1.2776553e+02	1.6021648e+02	-5.5633235e+00
0	0	7	63	2	T	-8.0324598e-02	1.2672826e+02	1.5561877e+02	-1.0000011e-02
0	0	7	63	2	E	-5.4978624e-02	1.2711311e+02	1.5858794e+02	-4.4334712e+00
0	0	7	63	3	T	-7.3465772e-02	1.2672662e+02	1.5634514e+02	-1.0000083e-02
0	0	7	63	3	E	-6.4118639e-02	1.2154948e+02	1.5683603e+02	-3.7381861e+00
