# portID	slaveID	chipID	channelID	baseline_T	baseline_E	zero_T1	zero_T2	zero_E	noise_T1	noise_T2	noise_E
0	0	4	0	41	6	46.29287475900093	58.7631795073186	60.47950318059169	6.014471375021697	1.3386360592476607	0.10010337714363018
0	0	4	1	37	6	35.08517043753983	58.193452495248	60.460427698727045	8.901919511618622	1.897168334689785	0.055838593200873594
0	0	4	2	52	5	51.38090969512898	60.41478656545912	60.0	0.6286666878294811	0.06945483307749137	0.060326968250782424
0	0	4	3	48	7	52.47100103449413	61.25161559440109	61.11777662198142	0.07893934188758661	0.050691472108534745	0.06765052433739027
0	0	4	4	49	6	51.69740652470992	60.60680964974157	61.23884739440093	0.6736724153210251	0.12326031906622356	0.05001868213528467
0	0	4	5	49	5	51.1258408141812	60.25514697549819	59.23558998032637	0.8151257240993688	0.17156569970716123	0.050163320125968455
0	0	4	6	45	5	52.432432696693304	60.5165023672339	59.188462695054966	0.6437771439852544	0.05097205646738009	0.06034618009871103
0	0	4	7	48	5	52.181019689850295	60.435214121377406	59.113998652629235	0.8158631390340889	0.05032707800639955	0.05443991998595994
0	0	4	8	48	6	52.208994483831106	61.00000000000216	61.06227416829601	0.5444256820564706	0.1760278034543195	0.05069775249216984
0	0	4	9	49	6	52.17758077393246	60.53428598069384	61.23640751251275	0.5534012946500955	0.054596363271876266	0.050035422500830255
0	0	4	10	46	5	52.48883765943692	60.4298443900228	59.22376805883244	0.052619351006252556	0.05003536739392672	0.05000016297023916
0	0	4	11	50	7	51.047084836043936	60.579595895149644	61.10576066598377	0.7692998402550203	0.1195043968791424	0.05080681699289105
0	0	4	12	50	6	48.446074113819776	61.26150946302102	61.10242517550512	0.4642061818467819	0.098117149195072	0.050029905922645876
0	0	4	13	49	7	45.49720595068001	61.41164585599497	61.27380766876835	0.1420379829299369	0.050023394440096555	0.0500002900119285
0	0	4	14	48	6	52.6282383815442	60.35548104079717	60.01299470850438	0.7863394849611767	0.16099334970744072	0.05001650117470199
0	0	4	15	49	7	51.78540213588873	60.25022254754047	61.25600564219263	0.694243251457584	0.16034717568811777	0.056798220043438416
0	0	4	16	49	5	52.18176120440337	60.52903515734362	59.24204504962474	0.5947881656826549	0.11926914495935152	0.05045540533743508
0	0	4	17	51	5	48.498842597106794	60.31934958047826	59.071342298800666	0.533470228572472	0.15989846179285164	0.06251226720462036
0	0	4	18	49	5	51.363018368004084	60.4839808396709	59.17144811975397	0.7453401955615523	0.07882087373692032	0.13141869837266773
0	0	4	19	49	6	51.70229715196569	60.48986563528687	61.238108090297324	0.7177245441906809	0.13021286790295905	0.050001236759561356
0	0	4	20	49	5	49.859108845384455	60.33791493939627	59.23981900575868	0.5024440996535205	0.15982929047556704	0.05015706204117229
0	0	4	21	49	6	51.298222336300604	60.50913096442153	61.018800199213494	0.7688188571731983	0.12227893709038694	0.059389088347750946
0	0	4	22	54	6	48.39984969570279	61.10283717281047	61.01016914983571	0.427523436155179	0.05565293055111728	0.0506298190252656
0	0	4	23	50	6	49.55704929135183	61.23755638049954	61.00034443528081	0.4510510162304796	0.05000703709474169	0.05071990755388715
0	0	4	24	49	7	48.55370979976148	61.352955746065746	61.069294340331965	0.5558621334640874	0.05195579120402015	0.05553248577505329
0	0	4	25	49	6	49.194403569445996	60.44547702433309	61.06770341666375	0.5868144920085616	0.0651281615231486	0.06247738195725619
0	0	4	26	48	7	48.72593152000586	61.2922365762886	61.23112158887489	0.43386242248669965	0.05206615969015281	0.050010054169115636
0	0	4	27	49	7	51.56993046529602	61.11980586547883	61.1135527777683	0.6769305955508828	0.0736587174777573	0.050840306354419634
0	0	4	28	49	7	49.45070342010576	60.31701885713153	61.025510110595924	0.39393402288510715	0.16010910278195353	0.05606124789821987
0	0	4	29	49	6	52.807910087659806	61.160019025259345	61.389691686711	0.8267833736348785	0.06803069976439999	0.05094223267877941
0	0	4	30	46	5	53.19601934830978	60.35556974153855	58.03799449334086	0.885253972538072	0.10701519141749562	0.10802668314028925
0	0	4	31	47	5	51.443097618589285	61.073059887454434	59.11511758971803	0.06049203662834025	0.06032112250822522	0.05000478414458097
0	0	4	32	49	5	51.49834345401028	61.004834781768146	59.00004345218643	0.679211901400763	0.05013224369167424	0.07258243317953862
0	0	4	33	50	6	49.16877815526056	60.4133596308449	61.24376506909142	0.4571859034432505	0.05519312779964402	0.050011007265964996
0	0	4	34	50	6	50.06174101070333	61.19347472903298	60.37348060009108	0.45992946559295655	0.05857264651673887	0.05763364792747037
0	0	4	35	50	6	52.46934294733614	60.287103914921104	60.09445652152169	0.05022644897231781	0.15031128505358074	0.05638129015921277
0	0	4	36	49	6	52.016551161712556	60.38360054504593	61.01378147686223	0.6142407973115933	0.08603370452234685	0.05078521729734563
0	0	4	37	48	5	51.38751153438834	61.10488584246727	59.24329692656088	0.682271903816726	0.05118921927152301	0.05064096383512825
0	0	4	38	51	7	52.25018165794501	60.322079540105825	61.108108842552134	0.5275752850429702	0.11249495294440592	0.05018348664904319
0	0	4	39	50	7	51.96984681527457	60.424994949778494	61.22765469272437	0.6115636415412289	0.05063230342751193	0.05165683770089954
0	0	4	40	49	7	52.19744503155881	60.42689040445458	61.22143465583149	0.5281844726650725	0.05458440622351214	0.054166845575997866
0	0	4	41	49	7	51.178926744136184	60.66162811518673	61.081975252671725	0.7740550077291599	0.1530577706100635	0.0500609459414549
0	0	4	42	49	6	52.398118061788146	60.409815439105294	61.075350172650815	0.6678916816667229	0.11230376677133244	0.05892229451500644
0	0	4	43	50	7	53.24523976411934	60.000643973517995	61.24452083470897	0.7004420514493378	0.06710745160281587	0.05000973357761888
0	0	4	44	51	6	52.00495931955721	60.42773759343041	61.19013559118793	0.6416283465612848	0.05123937323322567	0.05741846410408495
0	0	4	45	48	5	50.67040613139048	61.14528236194783	59.10800624100704	0.7623982985502089	0.0500096592093336	0.055989692693708175
0	0	4	46	51	5	48.323152768126974	60.49432931204706	59.17552874761659	0.4915005129771723	0.06116592877261066	0.11943409171431517
0	0	4	47	49	6	48.756141829057164	61.2160049244657	61.24168534768891	0.42820180440826905	0.05845631092265056	0.05000281960118639
0	0	4	48	46	5	52.358925424108605	60.376178594310836	59.22154484553897	0.7552496862970923	0.08761642255732909	0.05003755388670268
0	0	4	49	48	5	51.49781889344283	60.637173442956424	59.24103794306499	0.7392958050419888	0.11863088575263092	0.050029953933831584
0	0	4	50	50	6	50.75324033475976	60.636826633282965	61.190079953784746	0.9047493413230174	0.1541631785778751	0.05628286939900937
0	0	4	51	47	5	52.230024367030815	61.00000000194095	59.374007250417954	0.632252134295893	0.12098859861704321	0.16589934941961942
0	0	4	52	49	6	51.3253095010596	61.09192056118341	60.33744897224881	0.6502684170243577	0.056400878956530065	0.050183990186496844
0	0	4	53	50	6	52.23868910509751	60.39486583583245	60.363709698243206	0.754441111865004	0.07542311759508906	0.12193789748499798
0	0	4	54	50	5	53.20781565356026	60.339102340221885	59.23061055557205	0.7689957694640217	0.11785671680592012	0.0508605315929494
0	0	4	55	50	5	50.84818427138449	60.34880773931985	58.41572339421738	0.7367763286160871	0.09453857084499746	0.06485127042259578
0	0	4	56	49	6	51.37446588178512	61.16258102073576	60.338610701048125	0.5663181383981791	0.06811772621886067	0.12422533786936539
0	0	4	57	49	6	48.72542169344066	61.0	61.0394360354731	0.5018899142876313	0.055302054512495535	0.05305284473170792
0	0	4	58	50	5	49.94944372565927	60.966097946759525	58.08849167788955	0.5048296268669806	0.06813036665960506	0.05014539113121347
0	0	4	59	49	6	52.27670790305072	60.580821794902484	61.21793118499741	0.5352681577373738	0.12134045024928491	0.05238734266508643
0	0	4	60	53	7	53.36896787561105	60.427738618976655	60.94132907833277	0.7631553378458983	0.05057975174530717	0.06322620225346849
0	0	4	61	49	6	52.783758569665736	60.532761050008304	61.22282887819076	0.8903277329095739	0.09818787839053639	0.05380165752530345
0	0	4	62	49	6	52.476722927893476	60.47208234246242	61.253094123924505	0.05026584953659334	0.05469513688061372	0.05000084890137832
0	0	4	63	49	6	49.69660088918915	60.41712973815397	61.41682113414186	0.4653692145875632	0.06973835265958643	0.05000143038947852
0	0	5	0	43	5	39.37232668651028	57.796998925819835	58.69539389896454	9.125663599932578	1.9275214684366584	0.756277319672833
0	0	5	1	40	5	41.64937009325379	58.04651997444793	58.194739701051624	8.020877104828992	1.7161394637014424	0.6536164848407041
0	0	5	2	46	5	51.04380910311131	60.36718064979676	59.23912973682444	0.7437774477015835	0.16669077703176177	0.0510662916962988
0	0	5	3	50	6	45.86811466115719	61.20366640401857	61.00575340350479	0.460831348927185	0.0690092629732837	0.0540814813994442
0	0	5	4	50	6	50.478153543453	60.364439159493976	61.21078961422893	0.05607274578544252	0.11428816939514212	0.055469974997731215
0	0	5	5	49	5	49.89148735115601	60.60927280044917	59.23963664719335	0.621109711522613	0.09602146182730656	0.05202666442252883
0	0	5	6	46	6	57.275177308039154	60.34590927245157	60.41762121683116	0.09182169815789964	0.0723257994668348	0.050072080977065045
0	0	5	7	47	6	50.14171865290655	60.44365215695689	60.21101487960846	0.5566119499685238	0.05889455338954771	0.07050399647767427
0	0	5	8	52	6	50.669827579947984	60.364779133076794	61.11152904226928	0.7482354679630884	0.1280173860105001	0.05000001704852916
0	0	5	9	46	5	49.55590697973589	60.4757809633675	59.16292059353049	0.6761878121861323	0.05150523028614647	0.06464003632138539
0	0	5	10	46	6	50.346000256760746	60.65595747463318	61.165119699797245	0.5055327256353234	0.158148414769927	0.061868179986399256
0	0	5	11	51	5	50.34451121651399	60.3865161691504	59.00003325671202	0.560539161582293	0.12671994885360585	0.06302486789037579
0	0	5	12	44	6	49.496767553922794	61.00000001108476	61.299711731140256	0.6773070330482384	0.10413731588974287	0.05001241176197022
0	0	5	13	47	5	50.63177998165865	60.29661880077948	59.156827747122335	0.7715944551911955	0.15480118657840125	0.05000000314810632
0	0	5	14	47	5	47.89809226043414	60.396431520859394	59.19058444512903	0.5864080768584469	0.09047061715063856	0.05892738660491774
0	0	5	15	46	6	50.59747203916483	60.584101647455014	61.09136977741682	0.758303981509667	0.13162926017757612	0.05064168461842248
0	0	5	16	48	5	50.00489414562033	60.42164906806907	58.98402719935119	0.5856343767598152	0.07796020404878064	0.0785108064229424
0	0	5	17	48	5	50.07811248106714	60.416182802892855	59.24202679774439	0.5652277838916109	0.06732975833448253	0.0502193498176955
0	0	5	18	47	6	49.91527812370784	60.09640842678211	61.28611168501071	0.6100773109102565	0.06002390232006082	0.05000599053169505
0	0	5	19	49	6	48.01658522676554	61.0	61.236244749242864	0.5318235289280869	0.05127282230134838	0.07158194589262096
0	0	5	20	47	5	49.94031296012528	60.56888012741004	59.09223469014419	0.5846736060744195	0.06948919519324943	0.050016564500808665
0	0	5	21	48	5	50.04917327483654	60.9583083455164	59.24840471508797	0.5670455149264652	0.07464365537556729	0.050000315908922836
0	0	5	22	46	6	50.32848138844226	60.50989589871982	61.085212047314016	0.49636111536894895	0.07932567928893175	0.052006631540265906
0	0	5	23	49	6	49.88801300095996	60.65975065525389	61.289216687692395	0.5858953266203285	0.16693022479588404	0.05013135553591772
0	0	5	24	50	5	46.307066966844964	60.55438461258344	59.32607182143372	0.4715474979405868	0.08158327279779909	0.11645361911674687
0	0	5	25	46	5	50.04425232421108	60.54945162330517	59.28815921346989	0.5675284419159347	0.18355087928484165	0.0500002683408409
0	0	5	26	49	6	50.5779109758016	60.001886830977824	61.20421876839791	0.7577169660524268	0.05964826936549657	0.05000002806839533
0	0	5	27	46	6	48.079694514079506	60.48770768702041	61.09840129388421	0.46358105784426346	0.05626692596843141	0.050068875581769715
0	0	5	28	46	6	50.1454012377573	61.000000000020265	61.17914030200875	0.5445392646117113	0.10439092193040393	0.05598466564302433
0	0	5	29	46	6	50.473706558111196	60.125659407871034	61.04789357605617	0.6881727638990132	0.052912052428823055	0.050128598536329956
0	0	5	30	54	5	49.94910791134032	60.293981112542475	59.23611527718715	0.589989346012909	0.15827086180753552	0.050449461821751446
0	0	5	31	49	5	48.300337633206695	61.01782697519009	58.1881191103985	0.43512913794861496	0.05371047885605105	0.06181226021540802
0	0	5	32	46	6	49.13431710531575	60.540089129531665	61.09771189174189	0.5666139096923678	0.05277775339362367	0.05769598324672816
0	0	5	33	45	6	50.314053285612346	61.27412670162883	61.11197105434427	0.5007600889164517	0.05123532648296707	0.054839027613953886
0	0	5	34	47	5	47.76569842050259	60.57267945943361	59.24799102077064	0.474916505941728	0.07469997543128803	0.05042856390895767
0	0	5	35	47	6	50.2985624287891	60.39575941735178	60.476178900251135	0.5025786089097113	0.08675911642412086	0.1431320094264903
0	0	5	36	46	6	50.248340063513645	61.22975499254861	61.30103686347418	0.5125096980567092	0.05249527469266344	0.052216436716767387
0	0	5	37	49	5	50.10376311677242	60.507501220845796	59.225480821062746	0.5325399564913685	0.0895447628782871	0.050023689227175525
0	0	5	38	49	6	48.413058400075535	61.0	61.00177285958283	0.3895451811739597	0.054817536445918004	0.06269354057177363
0	0	5	39	46	6	51.248429472882556	60.44316092553217	61.24861815643027	0.42191974012565936	0.18071508666673686	0.050019043980984314
0	0	5	40	46	6	50.132421144496014	60.31265285380199	61.23273123470413	0.5723089607978339	0.1419566683437882	0.05338069445368655
0	0	5	41	46	5	50.280966697915176	60.46359942552444	59.10736722550514	0.5091164526042216	0.11930318114346433	0.07244408546140924
0	0	5	42	49	5	48.12999062061955	60.45300011648158	59.2512394171872	0.436531707670983	0.05459561121391333	0.05009255066781991
0	0	5	43	46	6	50.31146589124292	61.23944023515126	61.20047730070076	0.4919247441704823	0.051941247378435994	0.05900760172319232
0	0	5	44	49	6	47.895753094767166	61.0	61.00107342718618	0.49525830588600633	0.0515898042800039	0.05828438600121782
0	0	5	45	45	6	45.77838434872012	61.254312395178836	61.21400070206833	0.38863894485846817	0.10361843390585687	0.0529573893567019
0	0	5	46	47	5	49.65724869758295	60.34634858212276	59.223924032971695	0.6518692216507006	0.1349445576381404	0.05223431688227846
0	0	5	47	50	5	50.163083718031146	60.309221497350315	58.51391251597072	0.5283159425994474	0.1599815614980522	0.050350038216568825
0	0	5	48	47	6	50.05644215720822	60.434489847307695	61.17911914242895	0.5777133585034163	0.17999329486669763	0.05022086152876556
0	0	5	49	45	6	53.60750882847688	61.0	61.06608691977932	0.39753189587859644	0.05168546462076578	0.051430753930715445
0	0	5	50	48	6	50.09472345388405	61.00000000000376	61.06656779949777	0.5777071035404592	0.10439336686850262	0.050697439292078955
0	0	5	51	51	6	50.38434770936234	61.18701711979965	61.239876556414025	0.7319137805167739	0.05000175609124458	0.050421384272413286
0	0	5	52	49	6	46.32817118031646	60.37807907869398	61.12200836729163	0.45966728532909756	0.11893524534890149	0.056327654873830034
0	0	5	53	47	6	51.15286237999847	60.32054273944582	61.22517730428306	0.9228381472774655	0.15090892863378885	0.05081084310548536
0	0	5	54	50	6	50.254932020972475	60.34493470348977	61.062990506776515	0.5285824254884807	0.11675606888817996	0.05100280655133794
0	0	5	55	46	5	50.11539430576236	61.22789941585321	59.21935751820866	0.5696273551542707	0.051760495260923994	0.05203750822807558
0	0	5	56	52	6	46.891472659840964	60.357777226975806	61.20917025591739	0.4028170846358226	0.13284544961235406	0.05286553345895021
0	0	5	57	49	5	46.47217662091509	60.436594000421586	59.23805769090509	0.4621328149639691	0.05111601022465924	0.0500045084964509
0	0	5	58	46	6	50.267884426057705	61.00000235052446	61.113141212337595	0.523776398724344	0.09189802955505691	0.05171706085803938
0	0	5	59	48	6	47.86226320072325	60.66498059740156	61.0	0.547885408353351	0.15933978463376494	0.05421234447995749
0	0	5	60	46	6	50.378638908852594	60.4710352673077	61.21686297562405	0.679602812129943	0.05515615226078956	0.05516899801169537
0	0	5	61	46	6	50.27301369280329	60.29447100246492	60.44933101757384	0.5664291315005634	0.161009036750849	0.17937645357207854
0	0	5	62	48	6	55.194855693195485	60.38169313100306	61.056871884432844	0.12515602950915686	0.10122188938272882	0.050098001046610705
0	0	5	63	46	6	50.90855086807145	60.54459538077448	60.21081574103645	0.05023893517619322	0.07087528813558677	0.0500851817116942
0	0	6	0	40	7	46.47984367088471	61.425397708992	61.097468150195056	0.695384142593941	0.05010084795292406	0.05000748706408564
0	0	6	1	48	6	51.994927237980846	60.514497574760895	61.213412371259686	0.560635423480727	0.19525109963711113	0.05186484762563389
0	0	6	2	51	5	54.78275824773286	60.0015080994908	59.25351938714373	0.40901609900328084	0.0692147327393874	0.055473048479553554
0	0	6	3	46	6	50.629888138420625	60.73406983036693	61.09843772115881	0.49651307663266525	0.2030330918849239	0.05119364626051534
0	0	6	4	53	6	51.80755051575861	60.53752851460517	60.338707765278215	0.4472700297670006	0.1390590922419609	0.05002443875708822
0	0	6	5	50	6	54.43810134248565	60.24985947454618	61.10844921705294	0.4928004360489288	0.15637339971707967	0.05343023421093936
0	0	6	6	49	6	54.96101074978792	60.00068122912749	61.00030409849287	0.4373304396581406	0.06811046104777259	0.06490541484544132
0	0	6	7	50	7	55.44272014883276	60.37631104325493	60.657144045450266	0.05000533569412154	0.09361814347623508	0.16081467528652954
0	0	6	8	50	5	55.80039509307635	60.40424102552829	59.24309791957566	0.4223396608783586	0.13211844702508835	0.050020169469764786
0	0	6	9	55	6	51.16038924185241	60.575634041746156	61.23830290197727	0.4273278155256812	0.20460561991166965	0.050100434511315385
0	0	6	10	47	5	52.14477428411903	61.00000000000015	58.51361388207478	0.3964272987718504	0.29833482897906716	0.10728404583271667
0	0	6	11	49	6	53.69630479304842	60.57752588384919	61.0967470099381	0.42577011537702864	0.1982004596952232	0.050190898272694226
0	0	6	12	50	6	53.75583280697693	60.31598926270341	60.009318475335	0.42949288923526624	0.1601586564242357	0.05070148203783004
0	0	6	13	53	6	51.03568714728131	60.47363908870656	60.54757695108058	0.44879687970216053	0.050663819608727644	0.05010790524321798
0	0	6	14	52	5	53.410387326849836	60.39527667149393	58.0000193544813	0.09961786732430825	0.17022480983386223	0.06605928189660504
0	0	6	15	50	5	49.79967432091671	60.66010694856367	58.57795102992974	0.49580428276710253	0.2148193380914239	0.1825626308088954
0	0	6	16	46	7	48.72228530324513	61.41785984053379	61.212672003846116	0.5065823930758541	0.050000006666976876	0.050000019660742384
0	0	6	17	52	6	47.566410795392365	61.00000000006268	61.00017604804026	0.5016940973612916	0.29536951815512513	0.05792934309840041
0	0	6	18	46	5	49.475588882778716	61.37658190549384	58.428195997992894	0.52698446336197	0.0757017006021726	0.10226189267523919
0	0	6	19	47	6	47.43063771747123	61.17087087185104	61.244892084962956	0.11551418668021061	0.22269006555921855	0.05000112497483035
0	0	6	20	49	6	49.26606560535499	61.36738090456848	61.09976588270871	0.41789460592891636	0.09136983291850186	0.05007131288764148
0	0	6	21	47	6	45.17664884336905	61.41891549754118	61.24092570495814	0.41887057378432935	0.05001557820623388	0.05036001113009784
0	0	6	22	46	6	51.57301791601971	61.35997573831346	61.09474849750788	0.40781523529838826	0.08475417321954178	0.077101561077224
0	0	6	23	51	5	50.44122706534358	60.71073100156648	58.26686610340829	0.05000099124201288	0.22849666677728492	0.050380960656941545
0	0	6	24	49	6	49.1094305940699	61.39150122268567	61.20128236428972	0.47317839607908135	0.06556087965270505	0.059452141428475457
0	0	6	25	48	5	49.54201726974749	61.00000000006546	60.10614911582798	0.5142307811076624	0.2869466353291365	0.05000155091697829
0	0	6	26	48	5	50.94208175924023	61.35811141497069	59.033171372734834	0.43945408758959653	0.0846952142284795	0.05497624477452571
0	0	6	27	53	6	48.895653342996816	61.413662637161096	61.23933133702501	0.4159723362135656	0.05164904738668868	0.050873171062796374
0	0	6	28	47	6	47.512953378140125	61.32265809313424	60.241721783013844	0.40295916932363796	0.12164323296694204	0.05059518919897789
0	0	6	29	49	6	53.79064289896141	60.42199459764968	61.222112996305185	0.4235070947722776	0.1779327892299714	0.0522614483431423
0	0	6	30	46	6	53.58190708739663	61.41499672998824	61.2291462371048	0.4173876964523409	0.05011417628984773	0.05389293353640276
0	0	6	31	47	5	52.17700188601441	61.31242192540158	59.10523375367474	0.41480921311235736	0.11196454890801134	0.05062965408491843
0	0	6	32	50	6	48.79612825028777	61.075860667463395	60.312597841771506	0.40781779616701885	0.2661242287612884	0.1237649766117195
0	0	6	33	49	5	49.38737036567956	61.41939985427735	59.109392648379206	0.42905158577713554	0.050022691640821834	0.05524875381074098
0	0	6	34	48	7	51.42611764937486	61.36930791420758	61.03599544160474	0.4070074934161045	0.07462663765490027	0.052408273708565774
0	0	6	35	47	5	48.910442584979414	61.41459985386095	59.25046311347608	0.4160115353901351	0.051204370755566456	0.05007235784582947
0	0	6	36	52	6	53.36104372650149	60.43875246432131	61.113659127649	0.42714896713574996	0.17705786436651183	0.054424280477151143
0	0	6	37	49	5	52.29066927660005	60.47972019514528	59.0	0.4374767455116467	0.18666833804674543	0.057848311526282135
0	0	6	38	48	5	51.633630509103064	61.383099704494434	58.23249582647319	0.41492278341375705	0.07075895234294681	0.05000000000073203
0	0	6	39	46	5	50.262965988320516	61.150770205679336	59.11459499743847	0.43976440115384086	0.25425237392721006	0.05240250673810076
0	0	6	40	51	6	47.07831744152998	61.30248882844448	61.24717508762343	0.45030407979795944	0.1228217032136436	0.050490793904106795
0	0	6	41	48	7	49.64321822969883	60.65750573055237	61.23136688769967	0.4381669498014994	0.225669704153451	0.05240218120634629
0	0	6	42	50	6	54.43621313523573	60.43476350478489	61.07266732459292	0.1612145973424735	0.18309593424928833	0.05037858877301968
0	0	6	43	47	6	50.853094797568495	61.41862428595738	61.0	0.40704935102307405	0.05000576272064485	0.05089539814583763
0	0	6	44	52	6	56.571369707568564	60.382830991471586	61.0	0.40994785158378	0.1230666169734599	0.05512028495754891
0	0	6	45	48	5	52.40754638276825	60.44439252367244	58.17685281223669	0.44270869823609216	0.1354730771242094	0.06150146090798286
0	0	6	46	45	5	47.14474348924529	61.41038438179273	59.20970191265621	0.4011073577255717	0.05854990894687185	0.05111593736075046
0	0	6	47	49	5	52.57098415204547	60.3586385711378	59.239913799281744	0.4542570429303973	0.15586115584764978	0.05000243756482558
0	0	6	48	53	5	50.502280360139935	60.47882732617462	60.0	0.4413046104211336	0.17964182546268365	0.05152051087640182
0	0	6	49	49	5	52.43077273182347	60.5886634100724	59.22504448644534	0.4669156164332241	0.1551941396423876	0.05181292961655739
0	0	6	50	50	5	51.777872539212666	60.37256544379255	59.219803554559704	0.4749184992916896	0.11995936174015762	0.05163108006455911
0	0	6	51	47	6	52.46538393524054	60.67841681377509	60.11497287385551	0.4570629969848397	0.22965027774130925	0.05005070107063017
0	0	6	52	47	5	52.009244813409325	60.76414117366464	59.106472895697465	0.4809803728818119	0.24512151512834096	0.050178143271760636
0	0	6	53	51	5	51.52097907876372	60.65340739945907	59.10795539924582	0.42489876256667447	0.22880073666123807	0.05315560257070578
0	0	6	54	48	5	50.61937511267294	60.5527753154158	59.417288721374575	0.4539773881367111	0.20032249920460965	0.05001186214616103
0	0	6	55	50	5	55.75891598624545	60.380407131242094	59.00676558373424	0.4098079723294449	0.07880057138719501	0.06459536453241516
0	0	6	56	50	5	51.70053445964448	60.53154531479001	59.11234843624006	0.41951659702909294	0.2001326138244527	0.05151282725866001
0	0	6	57	50	6	54.61520297856548	60.37061825118373	61.10541787397499	0.44823491514007435	0.1667480587497603	0.05327047626917797
0	0	6	58	47	6	45.413305118317815	61.18587911369918	61.113913866270146	0.4071106622007721	0.2571195720086793	0.07391762805182168
0	0	6	59	52	5	49.70364248919484	60.43212240280697	59.005399009047885	0.42178106739656984	0.12438820372193053	0.06944028518522952
0	0	6	60	51	6	55.63481043391855	60.357729320634675	61.097407651600165	0.36400982995118125	0.12572056810010285	0.05000129476759867
0	0	6	61	52	6	51.07824984776144	60.45532726148328	61.35540583422657	0.4198721584188147	0.1403119946568347	0.0506716083889956
0	0	6	62	49	7	53.675484329027746	60.44828061919546	61.105149530784885	0.42743418726121496	0.18881687714723372	0.051047891639387055
0	0	6	63	50	5	49.31287846026083	61.307108978692725	59.235471674363765	0.4008745973170584	0.11941662069999423	0.05000026387422386
0	0	7	0	48	6	51.06231441037824	60.39445805582444	61.229820977478674	0.6953294143024669	0.10248830032276227	0.05356712034485167
0	0	7	1	45	7	45.91317067762973	60.730170109803545	61.2387828998955	0.5816703692039371	0.1920826710741783	0.05001641002414988
0	0	7	2	46	7	51.35783914248872	61.0	61.046490597501794	0.4323159169152359	0.05442275802810009	0.09848536970276298
0	0	7	3	47	7	49.34597133522831	60.45414017044831	61.17848711728205	0.5207626207366827	0.1360910649665906	0.05000715887501878
0	0	7	4	47	6	49.95787413142762	60.38001028037132	61.074080173027326	0.48657929644223036	0.1524890958218704	0.08398460310837423
0	0	7	5	49	5	48.430555503158274	60.34873692099332	59.144268785982135	0.6672463584390376	0.15339516959618082	0.051169298932976566
0	0	7	6	46	5	52.35005318253609	60.480724466833635	59.241248574091536	0.4355492594709298	0.05006863055364552	0.05049784299403394
0	0	7	7	47	5	51.22253949997158	60.43859114295999	59.15078061718344	0.53254859423783	0.1839315123685012	0.08999232644218935
0	0	7	8	50	5	45.040508767888525	60.6388177758289	59.43265822327203	0.4795872158736706	0.16382826794764538	0.05008800567423342
0	0	7	9	48	7	53.05911457568607	61.0	61.000000010013025	0.4149289311231439	0.05106661406537371	0.08683323066734203
0	0	7	10	53	5	53.5404397064038	60.30309574608079	59.22205871486353	0.40056387856207837	0.1525376499314109	0.050585207263509846
0	0	7	11	50	5	47.70989537234709	60.45100931609528	59.088690051660684	0.46769437780115686	0.06510625414629001	0.05493987632335659
0	0	7	12	46	5	44.417797021776245	61.270469762860415	59.23160447126415	0.09552830868369343	0.05282842047378831	0.05032437228180385
0	0	7	13	47	5	51.903251178489526	61.0	59.506686945315685	0.4329027961575167	0.05480681713811651	0.14129273681918697
0	0	7	14	53	7	54.55468063718102	60.42181427391012	61.00229185512795	0.4405396551744984	0.05120132672977155	0.09196397707202605
0	0	7	15	45	5	51.03051727238565	60.566709110426885	59.21237705280084	0.4577681776504544	0.061132658294050825	0.05055683565942858
0	0	7	16	48	7	50.26770429450742	60.36599535537937	61.083985020733934	0.5719606813795038	0.11387028243677384	0.05000760839494246
0	0	7	17	45	5	47.071085534540366	61.25459756508313	59.23111443086451	0.560807262722393	0.07325940688986633	0.05002186545921173
0	0	7	18	47	5	48.07680420351282	60.5973982426993	59.06161525024958	0.6694845207688678	0.18347657043549204	0.0608116362395979
0	0	7	19	46	6	49.50696747009664	60.063479034006704	61.06906330525777	0.05000034381096731	0.05582379968708982	0.05000012708914769
0	0	7	20	49	6	48.52699227773456	60.382381218907895	61.23312606313123	0.5517643594123929	0.12545851784651546	0.05016410388339271
0	0	7	21	47	6	54.47936108062036	60.34286457708553	61.193275264823434	0.4626640603756848	0.1641238646614302	0.05903690538021373
0	0	7	22	48	6	48.35886418720438	60.50925677903897	61.21152383743598	0.4695434862035743	0.13994827391405312	0.054638519636956887
0	0	7	23	48	5	47.145757756331896	60.689606794239175	59.30730327990912	0.4402983231441185	0.15313379118619974	0.052793490047669714
0	0	7	24	50	5	48.78581321968645	60.42260005589376	59.23544848269723	0.5850707443496389	0.055153098438520044	0.05259638981195831
0	0	7	25	48	5	47.51694081766404	61.0	59.22839838058225	0.6938678675893756	0.050740035225653526	0.10314745997169127
0	0	7	26	49	6	48.23021343486175	60.33011967094049	61.07932189921586	0.5241306004312695	0.15834689173439548	0.05345398339568458
0	0	7	27	49	7	48.66531220583604	61.0	61.07095384384931	0.4580889750000212	0.05611784889653656	0.08288259088483206
0	0	7	28	47	7	46.37247127414959	61.249613812753736	61.25053408422966	0.47695685050515213	0.05127880014095347	0.054036271548721204
0	0	7	29	44	6	50.37467880579737	61.28032550441465	61.078940218290384	0.4954826311392721	0.05004404807174224	0.053772368353801905
0	0	7	30	49	5	51.870794453827536	60.39882877898139	59.2361286584084	0.4162158807965084	0.08210734301926918	0.10401867880839505
0	0	7	31	47	6	51.43977174717493	60.369746575245564	61.247995733874774	0.4176754296597085	0.11537129481865577	0.05000007806224466
0	0	7	32	45	5	46.351912924596434	61.15688326981519	60.000241022429336	0.42271619917731623	0.050374453213549455	0.053502937421709966
0	0	7	33	42	5	47.67195103160332	61.274109891988985	59.371683795292	0.5171815870516012	0.05001517859501126	0.06949650612099234
0	0	7	34	45	6	49.53667115163437	61.0	61.009299189711825	0.48873860323807716	0.05270249922957927	0.05012870046998678
0	0	7	35	45	7	47.184964427886364	60.57775981405478	61.05812449283297	0.4377445024297225	0.11970853711158705	0.05665618895702994
0	0	7	36	45	6	48.36964705638379	61.24451538873894	61.07385380589333	0.44878136945635955	0.05002822871170479	0.05026078786453452
0	0	7	37	47	5	44.41170650516528	61.0	59.04758343400903	0.41422689553274705	0.05000055370652702	0.06107276486266269
0	0	7	38	49	7	50.12355536179535	60.43570876836155	60.3515316782999	0.46375169161077423	0.05003637327292842	0.05174843711808374
0	0	7	39	47	6	49.45121608426551	60.452251175339526	61.0	0.05020940281779622	0.05294990313888213	0.05956165370029389
0	0	7	40	44	6	48.13465278169649	61.0	61.018443262456394	0.557323889978611	0.05002151425334723	0.09635517294672277
0	0	7	41	47	5	47.08468438084009	60.517032703272534	59.24606422325127	0.4560590410234182	0.06431443787776363	0.05003726803044291
0	0	7	42	49	5	49.866742945394314	60.371252551878655	59.00891204273	0.4437208597489556	0.09734094618298059	0.05062472377566836
0	0	7	43	47	7	48.05162004356363	60.53237852814408	61.3105537091008	0.4440831325890455	0.06683892438926503	0.05003683301451159
0	0	7	44	46	6	49.80371851327877	61.0	61.000000001503295	0.44697574081593416	0.05009311474022238	0.09235803494074672
0	0	7	45	50	6	48.900286238708595	61.0	61.00000000000543	0.4903860408997852	0.05730138967093977	0.09848480655549675
0	0	7	46	47	5	51.19262686596076	61.0	58.60145545734035	0.443519906593942	0.05335750939390601	0.17455171308567885
0	0	7	47	49	6	48.56224634161534	60.97454544835781	61.295630617955695	0.48093455841445854	0.06167063663505959	0.05030755658478785
0	0	7	48	49	6	47.99073197172689	61.0	60.50291492385349	0.5554336887849831	0.05360075026001598	0.13938629826769106
0	0	7	49	47	7	49.1023988402466	61.0	61.03118582290898	0.5121263151166807	0.054863850470595575	0.05000714783626842
0	0	7	50	44	5	45.74608862100013	61.27056203291081	59.209555950710794	0.4343634593923205	0.052428123621928974	0.055657734611336544
0	0	7	51	47	6	50.26619352506567	61.0	61.106102684417735	0.5155296905176195	0.05853872114832947	0.0584159337754223
0	0	7	52	48	6	47.83527958785408	60.66504663731138	61.24627147374111	0.5658492011730805	0.1664395748469486	0.14422081074586401
0	0	7	53	49	6	48.243940283708845	60.4849972940814	60.31267008802889	0.4548844028037564	0.13728858536662963	0.052418024351899434
0	0	7	54	47	5	46.86226196744631	61.0	59.003096904881225	0.47481260012972326	0.053854699307199716	0.053605089275194535
0	0	7	55	47	5	49.314563211502985	60.29524040880864	59.15137687780068	0.502289459944758	0.1533028770187668	0.05062318468040106
0	0	7	56	46	6	48.20749246190176	60.62519059083529	61.13024056818163	0.4751307809921583	0.16028547280522046	0.05012713351816677
0	0	7	57	50	6	46.92830424679047	60.339748825564634	61.118156037638514	0.48711480990453404	0.12987529739510584	0.050027462694641825
0	0	7	58	48	5	46.70392169058799	61.28432963517755	59.38348040989291	0.42708908026891845	0.05018287297682873	0.05001166109625487
0	0	7	59	48	6	47.942118130798185	61.0	61.29338409601412	0.515675848174858	0.052627677329031765	0.1471818152067485
0	0	7	60	42	6	48.73042972687422	61.36352002441726	61.241341957001424	0.44642957078483325	0.07448128860162256	0.05000166116178888
0	0	7	61	47	6	49.6246685635666	60.56126169782108	61.241102561353564	0.4907975053517252	0.13321738995157378	0.050948689654974344
0	0	7	62	47	5	50.74854369920304	60.40881801349391	59.318130331462946	0.4816603425384274	0.07084953911500386	0.08569836870388226
0	0	7	63	47	7	45.60358277376276	61.239247477187114	61.18854172473766	0.41348479854754533	0.05059140215504235	0.05920600877092246
